"H"|"P1000"|"Bank of West Virginia"|"20151201"|"1.0"|"20151206"|"CAP"
"D"|""|""|""|""|""|""|""|""|""|""|""|""|""|""|""|""|""|""|""|""|""|""|""|""|""|""|""|""|""|""|""|""|""|""|""|""|""|""|""|""|""|""|""|""|""|""|""|""|""|""|""|""|""|""|""|""|""|""|""|""|""|""|""|""|""|""|""|""|""|""|""|""|""|""|""|""|""|""|""|""|""|""|""|""|""|""|""|""|""|""|""|""|""|""|""|""
"D"|""|""|""|""|""|""|""|""|""|""|""|""|""|""|""|""|""|""|""|""|""|""|""|""|""|""|""|""|""|""|""|""|""|""|""|""|""|""|""|""|""|""|""|""|""|""|""|""|""|""|""|""|""|""|""|""|""|""|""|""|""|""|""|""|""|""|""|""|""|""|""|""|""|""|""|""|""|""|""|""|""|""|""|""|""|""|""|""|""|""|""|""|""|""|""|""
"D"|""|""|""|""|""|""|""|""|""|""|""|""|""|""|""|""|""|""|""|""|""|""|""|""|""|""|""|""|""|""|""|""|""|""|""|""|""|""|""|""|""|""|""|""|""|""|""|""|""|""|""|""|""|""|""|""|""|""|""|""|""|""|""|""|""|""|""|""|""|""|""|""|""|""|""|""|""|""|""|""|""|""|""|""|""|""|""|""|""|""|""|""|""|""|""|""
"D"|""|""|""|""|""|""|""|""|""|""|""|""|""|""|""|""|""|""|""|""|""|""|""|""|""|""|""|""|""|""|""|""|""|""|""|""|""|""|""|""|""|""|""|""|""|""|""|""|""|""|""|""|""|""|""|""|""|""|""|""|""|""|""|""|""|""|""|""|""|""|""|""|""|""|""|""|""|""|""|""|""|""|""|""|""|""|""|""|""|""|""|""|""|""|""|""
"D"|""|""|""|""|""|""|""|""|""|""|""|""|""|""|""|""|""|""|""|""|""|""|""|""|""|""|""|""|""|""|""|""|""|""|""|""|""|""|""|""|""|""|""|""|""|""|""|""|""|""|""|""|""|""|""|""|""|""|""|""|""|""|""|""|""|""|""|""|""|""|""|""|""|""|""|""|""|""|""|""|""|""|""|""|""|""|""|""|""|""|""|""|""|""|""|""
"D"|""|""|""|""|""|""|""|""|""|""|""|""|""|""|""|""|""|""|""|""|""|""|""|""|""|""|""|""|""|""|""|""|""|""|""|""|""|""|""|""|""|""|""|""|""|""|""|""|""|""|""|""|""|""|""|""|""|""|""|""|""|""|""|""|""|""|""|""|""|""|""|""|""|""|""|""|""|""|""|""|""|""|""|""|""|""|""|""|""|""|""|""|""|""|""|""
"D"|""|""|""|""|""|""|""|""|""|""|""|""|""|""|""|""|""|""|""|""|""|""|""|""|""|""|""|""|""|""|""|""|""|""|""|""|""|""|""|""|""|""|""|""|""|""|""|""|""|""|""|""|""|""|""|""|""|""|""|""|""|""|""|""|""|""|""|""|""|""|""|""|""|""|""|""|""|""|""|""|""|""|""|""|""|""|""|""|""|""|""|""|""|""|""|""
"D"|""|""|""|""|""|""|""|""|""|""|""|""|""|""|""|""|""|""|""|""|""|""|""|""|""|""|""|""|""|""|""|""|""|""|""|""|""|""|""|""|""|""|""|""|""|""|""|""|""|""|""|""|""|""|""|""|""|""|""|""|""|""|""|""|""|""|""|""|""|""|""|""|""|""|""|""|""|""|""|""|""|""|""|""|""|""|""|""|""|""|""|""|""|""|""|""
"D"|""|""|""|""|""|""|""|""|""|""|""|""|""|""|""|""|""|""|""|""|""|""|""|""|""|""|""|""|""|""|""|""|""|""|""|""|""|""|""|""|""|""|""|""|""|""|""|""|""|""|""|""|""|""|""|""|""|""|""|""|""|""|""|""|""|""|""|""|""|""|""|""|""|""|""|""|""|""|""|""|""|""|""|""|""|""|""|""|""|""|""|""|""|""|""|""
"D"|""|""|""|""|""|""|""|""|""|""|""|""|""|""|""|""|""|""|""|""|""|""|""|""|""|""|""|""|""|""|""|""|""|""|""|""|""|""|""|""|""|""|""|""|""|""|""|""|""|""|""|""|""|""|""|""|""|""|""|""|""|""|""|""|""|""|""|""|""|""|""|""|""|""|""|""|""|""|""|""|""|""|""|""|""|""|""|""|""|""|""|""|""|""|""|""
"D"|""|""|""|""|""|""|""|""|""|""|""|""|""|""|""|""|""|""|""|""|""|""|""|""|""|""|""|""|""|""|""|""|""|""|""|""|""|""|""|""|""|""|""|""|""|""|""|""|""|""|""|""|""|""|""|""|""|""|""|""|""|""|""|""|""|""|""|""|""|""|""|""|""|""|""|""|""|""|""|""|""|""|""|""|""|""|""|""|""|""|""|""|""|""|""|""
"D"|""|""|""|""|""|""|""|""|""|""|""|""|""|""|""|""|""|""|""|""|""|""|""|""|""|""|""|""|""|""|""|""|""|""|""|""|""|""|""|""|""|""|""|""|""|""|""|""|""|""|""|""|""|""|""|""|""|""|""|""|""|""|""|""|""|""|""|""|""|""|""|""|""|""|""|""|""|""|""|""|""|""|""|""|""|""|""|""|""|""|""|""|""|""|""|""
"D"|""|""|""|""|""|""|""|""|""|""|""|""|""|""|""|""|""|""|""|""|""|""|""|""|""|""|""|""|""|""|""|""|""|""|""|""|""|""|""|""|""|""|""|""|""|""|""|""|""|""|""|""|""|""|""|""|""|""|""|""|""|""|""|""|""|""|""|""|""|""|""|""|""|""|""|""|""|""|""|""|""|""|""|""|""|""|""|""|""|""|""|""|""|""|""|""
"D"|""|""|""|""|""|""|""|""|""|""|""|""|""|""|""|""|""|""|""|""|""|""|""|""|""|""|""|""|""|""|""|""|""|""|""|""|""|""|""|""|""|""|""|""|""|""|""|""|""|""|""|""|""|""|""|""|""|""|""|""|""|""|""|""|""|""|""|""|""|""|""|""|""|""|""|""|""|""|""|""|""|""|""|""|""|""|""|""|""|""|""|""|""|""|""|""
"D"|""|""|""|""|""|""|""|""|""|""|""|""|""|""|""|""|""|""|""|""|""|""|""|""|""|""|""|""|""|""|""|""|""|""|""|""|""|""|""|""|""|""|""|""|""|""|""|""|""|""|""|""|""|""|""|""|""|""|""|""|""|""|""|""|""|""|""|""|""|""|""|""|""|""|""|""|""|""|""|""|""|""|""|""|""|""|""|""|""|""|""|""|""|""|""|""
"D"|""|""|""|""|""|""|""|""|""|""|""|""|""|""|""|""|""|""|""|""|""|""|""|""|""|""|""|""|""|""|""|""|""|""|""|""|""|""|""|""|""|""|""|""|""|""|""|""|""|""|""|""|""|""|""|""|""|""|""|""|""|""|""|""|""|""|""|""|""|""|""|""|""|""|""|""|""|""|""|""|""|""|""|""|""|""|""|""|""|""|""|""|""|""|""|""
"D"|""|""|""|""|""|""|""|""|""|""|""|""|""|""|""|""|""|""|""|""|""|""|""|""|""|""|""|""|""|""|""|""|""|""|""|""|""|""|""|""|""|""|""|""|""|""|""|""|""|""|""|""|""|""|""|""|""|""|""|""|""|""|""|""|""|""|""|""|""|""|""|""|""|""|""|""|""|""|""|""|""|""|""|""|""|""|""|""|""|""|""|""|""|""|""|""
"D"|""|""|""|""|""|""|""|""|""|""|""|""|""|""|""|""|""|""|""|""|""|""|""|""|""|""|""|""|""|""|""|""|""|""|""|""|""|""|""|""|""|""|""|""|""|""|""|""|""|""|""|""|""|""|""|""|""|""|""|""|""|""|""|""|""|""|""|""|""|""|""|""|""|""|""|""|""|""|""|""|""|""|""|""|""|""|""|""|""|""|""|""|""|""|""|""
"D"|""|""|""|""|""|""|""|""|""|""|""|""|""|""|""|""|""|""|""|""|""|""|""|""|""|""|""|""|""|""|""|""|""|""|""|""|""|""|""|""|""|""|""|""|""|""|""|""|""|""|""|""|""|""|""|""|""|""|""|""|""|""|""|""|""|""|""|""|""|""|""|""|""|""|""|""|""|""|""|""|""|""|""|""|""|""|""|""|""|""|""|""|""|""|""|""
"D"|""|""|""|""|""|""|""|""|""|""|""|""|""|""|""|""|""|""|""|""|""|""|""|""|""|""|""|""|""|""|""|""|""|""|""|""|""|""|""|""|""|""|""|""|""|""|""|""|""|""|""|""|""|""|""|""|""|""|""|""|""|""|""|""|""|""|""|""|""|""|""|""|""|""|""|""|""|""|""|""|""|""|""|""|""|""|""|""|""|""|""|""|""|""|""|""
"D"|""|""|""|""|""|""|""|""|""|""|""|""|""|""|""|""|""|""|""|""|""|""|""|""|""|""|""|""|""|""|""|""|""|""|""|""|""|""|""|""|""|""|""|""|""|""|""|""|""|""|""|""|""|""|""|""|""|""|""|""|""|""|""|""|""|""|""|""|""|""|""|""|""|""|""|""|""|""|""|""|""|""|""|""|""|""|""|""|""|""|""|""|""|""|""|""
"D"|""|""|""|""|""|""|""|""|""|""|""|""|""|""|""|""|""|""|""|""|""|""|""|""|""|""|""|""|""|""|""|""|""|""|""|""|""|""|""|""|""|""|""|""|""|""|""|""|""|""|""|""|""|""|""|""|""|""|""|""|""|""|""|""|""|""|""|""|""|""|""|""|""|""|""|""|""|""|""|""|""|""|""|""|""|""|""|""|""|""|""|""|""|""|""|""
"D"|""|""|""|""|""|""|""|""|""|""|""|""|""|""|""|""|""|""|""|""|""|""|""|""|""|""|""|""|""|""|""|""|""|""|""|""|""|""|""|""|""|""|""|""|""|""|""|""|""|""|""|""|""|""|""|""|""|""|""|""|""|""|""|""|""|""|""|""|""|""|""|""|""|""|""|""|""|""|""|""|""|""|""|""|""|""|""|""|""|""|""|""|""|""|""|""
"D"|""|""|""|""|""|""|""|""|""|""|""|""|""|""|""|""|""|""|""|""|""|""|""|""|""|""|""|""|""|""|""|""|""|""|""|""|""|""|""|""|""|""|""|""|""|""|""|""|""|""|""|""|""|""|""|""|""|""|""|""|""|""|""|""|""|""|""|""|""|""|""|""|""|""|""|""|""|""|""|""|""|""|""|""|""|""|""|""|""|""|""|""|""|""|""|""
"D"|""|""|""|""|""|""|""|""|""|""|""|""|""|""|""|""|""|""|""|""|""|""|""|""|""|""|""|""|""|""|""|""|""|""|""|""|""|""|""|""|""|""|""|""|""|""|""|""|""|""|""|""|""|""|""|""|""|""|""|""|""|""|""|""|""|""|""|""|""|""|""|""|""|""|""|""|""|""|""|""|""|""|""|""|""|""|""|""|""|""|""|""|""|""|""|""
"D"|""|""|""|""|""|""|""|""|""|""|""|""|""|""|""|""|""|""|""|""|""|""|""|""|""|""|""|""|""|""|""|""|""|""|""|""|""|""|""|""|""|""|""|""|""|""|""|""|""|""|""|""|""|""|""|""|""|""|""|""|""|""|""|""|""|""|""|""|""|""|""|""|""|""|""|""|""|""|""|""|""|""|""|""|""|""|""|""|""|""|""|""|""|""|""|""
"D"|""|""|""|""|""|""|""|""|""|""|""|""|""|""|""|""|""|""|""|""|""|""|""|""|""|""|""|""|""|""|""|""|""|""|""|""|""|""|""|""|""|""|""|""|""|""|""|""|""|""|""|""|""|""|""|""|""|""|""|""|""|""|""|""|""|""|""|""|""|""|""|""|""|""|""|""|""|""|""|""|""|""|""|""|""|""|""|""|""|""|""|""|""|""|""|""
"D"|""|""|""|""|""|""|""|""|""|""|""|""|""|""|""|""|""|""|""|""|""|""|""|""|""|""|""|""|""|""|""|""|""|""|""|""|""|""|""|""|""|""|""|""|""|""|""|""|""|""|""|""|""|""|""|""|""|""|""|""|""|""|""|""|""|""|""|""|""|""|""|""|""|""|""|""|""|""|""|""|""|""|""|""|""|""|""|""|""|""|""|""|""|""|""|""
"D"|""|""|""|""|""|""|""|""|""|""|""|""|""|""|""|""|""|""|""|""|""|""|""|""|""|""|""|""|""|""|""|""|""|""|""|""|""|""|""|""|""|""|""|""|""|""|""|""|""|""|""|""|""|""|""|""|""|""|""|""|""|""|""|""|""|""|""|""|""|""|""|""|""|""|""|""|""|""|""|""|""|""|""|""|""|""|""|""|""|""|""|""|""|""|""|""
"D"|""|""|""|""|""|""|""|""|""|""|""|""|""|""|""|""|""|""|""|""|""|""|""|""|""|""|""|""|""|""|""|""|""|""|""|""|""|""|""|""|""|""|""|""|""|""|""|""|""|""|""|""|""|""|""|""|""|""|""|""|""|""|""|""|""|""|""|""|""|""|""|""|""|""|""|""|""|""|""|""|""|""|""|""|""|""|""|""|""|""|""|""|""|""|""|""
"D"|""|""|""|""|""|""|""|""|""|""|""|""|""|""|""|""|""|""|""|""|""|""|""|""|""|""|""|""|""|""|""|""|""|""|""|""|""|""|""|""|""|""|""|""|""|""|""|""|""|""|""|""|""|""|""|""|""|""|""|""|""|""|""|""|""|""|""|""|""|""|""|""|""|""|""|""|""|""|""|""|""|""|""|""|""|""|""|""|""|""|""|""|""|""|""|""
"D"|""|""|""|""|""|""|""|""|""|""|""|""|""|""|""|""|""|""|""|""|""|""|""|""|""|""|""|""|""|""|""|""|""|""|""|""|""|""|""|""|""|""|""|""|""|""|""|""|""|""|""|""|""|""|""|""|""|""|""|""|""|""|""|""|""|""|""|""|""|""|""|""|""|""|""|""|""|""|""|""|""|""|""|""|""|""|""|""|""|""|""|""|""|""|""|""
"D"|""|""|""|""|""|""|""|""|""|""|""|""|""|""|""|""|""|""|""|""|""|""|""|""|""|""|""|""|""|""|""|""|""|""|""|""|""|""|""|""|""|""|""|""|""|""|""|""|""|""|""|""|""|""|""|""|""|""|""|""|""|""|""|""|""|""|""|""|""|""|""|""|""|""|""|""|""|""|""|""|""|""|""|""|""|""|""|""|""|""|""|""|""|""|""|""
"D"|""|""|""|""|""|""|""|""|""|""|""|""|""|""|""|""|""|""|""|""|""|""|""|""|""|""|""|""|""|""|""|""|""|""|""|""|""|""|""|""|""|""|""|""|""|""|""|""|""|""|""|""|""|""|""|""|""|""|""|""|""|""|""|""|""|""|""|""|""|""|""|""|""|""|""|""|""|""|""|""|""|""|""|""|""|""|""|""|""|""|""|""|""|""|""|""
"D"|""|""|""|""|""|""|""|""|""|""|""|""|""|""|""|""|""|""|""|""|""|""|""|""|""|""|""|""|""|""|""|""|""|""|""|""|""|""|""|""|""|""|""|""|""|""|""|""|""|""|""|""|""|""|""|""|""|""|""|""|""|""|""|""|""|""|""|""|""|""|""|""|""|""|""|""|""|""|""|""|""|""|""|""|""|""|""|""|""|""|""|""|""|""|""|""
"D"|""|""|""|""|""|""|""|""|""|""|""|""|""|""|""|""|""|""|""|""|""|""|""|""|""|""|""|""|""|""|""|""|""|""|""|""|""|""|""|""|""|""|""|""|""|""|""|""|""|""|""|""|""|""|""|""|""|""|""|""|""|""|""|""|""|""|""|""|""|""|""|""|""|""|""|""|""|""|""|""|""|""|""|""|""|""|""|""|""|""|""|""|""|""|""|""
"D"|""|""|""|""|""|""|""|""|""|""|""|""|""|""|""|""|""|""|""|""|""|""|""|""|""|""|""|""|""|""|""|""|""|""|""|""|""|""|""|""|""|""|""|""|""|""|""|""|""|""|""|""|""|""|""|""|""|""|""|""|""|""|""|""|""|""|""|""|""|""|""|""|""|""|""|""|""|""|""|""|""|""|""|""|""|""|""|""|""|""|""|""|""|""|""|""
"D"|""|""|""|""|""|""|""|""|""|""|""|""|""|""|""|""|""|""|""|""|""|""|""|""|""|""|""|""|""|""|""|""|""|""|""|""|""|""|""|""|""|""|""|""|""|""|""|""|""|""|""|""|""|""|""|""|""|""|""|""|""|""|""|""|""|""|""|""|""|""|""|""|""|""|""|""|""|""|""|""|""|""|""|""|""|""|""|""|""|""|""|""|""|""|""|""
"D"|""|""|""|""|""|""|""|""|""|""|""|""|""|""|""|""|""|""|""|""|""|""|""|""|""|""|""|""|""|""|""|""|""|""|""|""|""|""|""|""|""|""|""|""|""|""|""|""|""|""|""|""|""|""|""|""|""|""|""|""|""|""|""|""|""|""|""|""|""|""|""|""|""|""|""|""|""|""|""|""|""|""|""|""|""|""|""|""|""|""|""|""|""|""|""|""
"D"|""|""|""|""|""|""|""|""|""|""|""|""|""|""|""|""|""|""|""|""|""|""|""|""|""|""|""|""|""|""|""|""|""|""|""|""|""|""|""|""|""|""|""|""|""|""|""|""|""|""|""|""|""|""|""|""|""|""|""|""|""|""|""|""|""|""|""|""|""|""|""|""|""|""|""|""|""|""|""|""|""|""|""|""|""|""|""|""|""|""|""|""|""|""|""|""
"D"|""|""|""|""|""|""|""|""|""|""|""|""|""|""|""|""|""|""|""|""|""|""|""|""|""|""|""|""|""|""|""|""|""|""|""|""|""|""|""|""|""|""|""|""|""|""|""|""|""|""|""|""|""|""|""|""|""|""|""|""|""|""|""|""|""|""|""|""|""|""|""|""|""|""|""|""|""|""|""|""|""|""|""|""|""|""|""|""|""|""|""|""|""|""|""|""
"D"|""|""|""|""|""|""|""|""|""|""|""|""|""|""|""|""|""|""|""|""|""|""|""|""|""|""|""|""|""|""|""|""|""|""|""|""|""|""|""|""|""|""|""|""|""|""|""|""|""|""|""|""|""|""|""|""|""|""|""|""|""|""|""|""|""|""|""|""|""|""|""|""|""|""|""|""|""|""|""|""|""|""|""|""|""|""|""|""|""|""|""|""|""|""|""|""
"D"|""|""|""|""|""|""|""|""|""|""|""|""|""|""|""|""|""|""|""|""|""|""|""|""|""|""|""|""|""|""|""|""|""|""|""|""|""|""|""|""|""|""|""|""|""|""|""|""|""|""|""|""|""|""|""|""|""|""|""|""|""|""|""|""|""|""|""|""|""|""|""|""|""|""|""|""|""|""|""|""|""|""|""|""|""|""|""|""|""|""|""|""|""|""|""|""
"D"|""|""|""|""|""|""|""|""|""|""|""|""|""|""|""|""|""|""|""|""|""|""|""|""|""|""|""|""|""|""|""|""|""|""|""|""|""|""|""|""|""|""|""|""|""|""|""|""|""|""|""|""|""|""|""|""|""|""|""|""|""|""|""|""|""|""|""|""|""|""|""|""|""|""|""|""|""|""|""|""|""|""|""|""|""|""|""|""|""|""|""|""|""|""|""|""
"D"|""|""|""|""|""|""|""|""|""|""|""|""|""|""|""|""|""|""|""|""|""|""|""|""|""|""|""|""|""|""|""|""|""|""|""|""|""|""|""|""|""|""|""|""|""|""|""|""|""|""|""|""|""|""|""|""|""|""|""|""|""|""|""|""|""|""|""|""|""|""|""|""|""|""|""|""|""|""|""|""|""|""|""|""|""|""|""|""|""|""|""|""|""|""|""|""
"D"|""|""|""|""|""|""|""|""|""|""|""|""|""|""|""|""|""|""|""|""|""|""|""|""|""|""|""|""|""|""|""|""|""|""|""|""|""|""|""|""|""|""|""|""|""|""|""|""|""|""|""|""|""|""|""|""|""|""|""|""|""|""|""|""|""|""|""|""|""|""|""|""|""|""|""|""|""|""|""|""|""|""|""|""|""|""|""|""|""|""|""|""|""|""|""|""
"D"|""|""|""|""|""|""|""|""|""|""|""|""|""|""|""|""|""|""|""|""|""|""|""|""|""|""|""|""|""|""|""|""|""|""|""|""|""|""|""|""|""|""|""|""|""|""|""|""|""|""|""|""|""|""|""|""|""|""|""|""|""|""|""|""|""|""|""|""|""|""|""|""|""|""|""|""|""|""|""|""|""|""|""|""|""|""|""|""|""|""|""|""|""|""|""|""
"D"|""|""|""|""|""|""|""|""|""|""|""|""|""|""|""|""|""|""|""|""|""|""|""|""|""|""|""|""|""|""|""|""|""|""|""|""|""|""|""|""|""|""|""|""|""|""|""|""|""|""|""|""|""|""|""|""|""|""|""|""|""|""|""|""|""|""|""|""|""|""|""|""|""|""|""|""|""|""|""|""|""|""|""|""|""|""|""|""|""|""|""|""|""|""|""|""
"D"|""|""|""|""|""|""|""|""|""|""|""|""|""|""|""|""|""|""|""|""|""|""|""|""|""|""|""|""|""|""|""|""|""|""|""|""|""|""|""|""|""|""|""|""|""|""|""|""|""|""|""|""|""|""|""|""|""|""|""|""|""|""|""|""|""|""|""|""|""|""|""|""|""|""|""|""|""|""|""|""|""|""|""|""|""|""|""|""|""|""|""|""|""|""|""|""
"D"|""|""|""|""|""|""|""|""|""|""|""|""|""|""|""|""|""|""|""|""|""|""|""|""|""|""|""|""|""|""|""|""|""|""|""|""|""|""|""|""|""|""|""|""|""|""|""|""|""|""|""|""|""|""|""|""|""|""|""|""|""|""|""|""|""|""|""|""|""|""|""|""|""|""|""|""|""|""|""|""|""|""|""|""|""|""|""|""|""|""|""|""|""|""|""|""
"D"|""|""|""|""|""|""|""|""|""|""|""|""|""|""|""|""|""|""|""|""|""|""|""|""|""|""|""|""|""|""|""|""|""|""|""|""|""|""|""|""|""|""|""|""|""|""|""|""|""|""|""|""|""|""|""|""|""|""|""|""|""|""|""|""|""|""|""|""|""|""|""|""|""|""|""|""|""|""|""|""|""|""|""|""|""|""|""|""|""|""|""|""|""|""|""|""
"D"|""|""|""|""|""|""|""|""|""|""|""|""|""|""|""|""|""|""|""|""|""|""|""|""|""|""|""|""|""|""|""|""|""|""|""|""|""|""|""|""|""|""|""|""|""|""|""|""|""|""|""|""|""|""|""|""|""|""|""|""|""|""|""|""|""|""|""|""|""|""|""|""|""|""|""|""|""|""|""|""|""|""|""|""|""|""|""|""|""|""|""|""|""|""|""|""
"D"|""|""|""|""|""|""|""|""|""|""|""|""|""|""|""|""|""|""|""|""|""|""|""|""|""|""|""|""|""|""|""|""|""|""|""|""|""|""|""|""|""|""|""|""|""|""|""|""|""|""|""|""|""|""|""|""|""|""|""|""|""|""|""|""|""|""|""|""|""|""|""|""|""|""|""|""|""|""|""|""|""|""|""|""|""|""|""|""|""|""|""|""|""|""|""|""
"D"|""|""|""|""|""|""|""|""|""|""|""|""|""|""|""|""|""|""|""|""|""|""|""|""|""|""|""|""|""|""|""|""|""|""|""|""|""|""|""|""|""|""|""|""|""|""|""|""|""|""|""|""|""|""|""|""|""|""|""|""|""|""|""|""|""|""|""|""|""|""|""|""|""|""|""|""|""|""|""|""|""|""|""|""|""|""|""|""|""|""|""|""|""|""|""|""
"D"|""|""|""|""|""|""|""|""|""|""|""|""|""|""|""|""|""|""|""|""|""|""|""|""|""|""|""|""|""|""|""|""|""|""|""|""|""|""|""|""|""|""|""|""|""|""|""|""|""|""|""|""|""|""|""|""|""|""|""|""|""|""|""|""|""|""|""|""|""|""|""|""|""|""|""|""|""|""|""|""|""|""|""|""|""|""|""|""|""|""|""|""|""|""|""|""
"D"|""|""|""|""|""|""|""|""|""|""|""|""|""|""|""|""|""|""|""|""|""|""|""|""|""|""|""|""|""|""|""|""|""|""|""|""|""|""|""|""|""|""|""|""|""|""|""|""|""|""|""|""|""|""|""|""|""|""|""|""|""|""|""|""|""|""|""|""|""|""|""|""|""|""|""|""|""|""|""|""|""|""|""|""|""|""|""|""|""|""|""|""|""|""|""|""
"D"|""|""|""|""|""|""|""|""|""|""|""|""|""|""|""|""|""|""|""|""|""|""|""|""|""|""|""|""|""|""|""|""|""|""|""|""|""|""|""|""|""|""|""|""|""|""|""|""|""|""|""|""|""|""|""|""|""|""|""|""|""|""|""|""|""|""|""|""|""|""|""|""|""|""|""|""|""|""|""|""|""|""|""|""|""|""|""|""|""|""|""|""|""|""|""|""
"D"|""|""|""|""|""|""|""|""|""|""|""|""|""|""|""|""|""|""|""|""|""|""|""|""|""|""|""|""|""|""|""|""|""|""|""|""|""|""|""|""|""|""|""|""|""|""|""|""|""|""|""|""|""|""|""|""|""|""|""|""|""|""|""|""|""|""|""|""|""|""|""|""|""|""|""|""|""|""|""|""|""|""|""|""|""|""|""|""|""|""|""|""|""|""|""|""
"D"|""|""|""|""|""|""|""|""|""|""|""|""|""|""|""|""|""|""|""|""|""|""|""|""|""|""|""|""|""|""|""|""|""|""|""|""|""|""|""|""|""|""|""|""|""|""|""|""|""|""|""|""|""|""|""|""|""|""|""|""|""|""|""|""|""|""|""|""|""|""|""|""|""|""|""|""|""|""|""|""|""|""|""|""|""|""|""|""|""|""|""|""|""|""|""|""
"D"|""|""|""|""|""|""|""|""|""|""|""|""|""|""|""|""|""|""|""|""|""|""|""|""|""|""|""|""|""|""|""|""|""|""|""|""|""|""|""|""|""|""|""|""|""|""|""|""|""|""|""|""|""|""|""|""|""|""|""|""|""|""|""|""|""|""|""|""|""|""|""|""|""|""|""|""|""|""|""|""|""|""|""|""|""|""|""|""|""|""|""|""|""|""|""|""
"D"|""|""|""|""|""|""|""|""|""|""|""|""|""|""|""|""|""|""|""|""|""|""|""|""|""|""|""|""|""|""|""|""|""|""|""|""|""|""|""|""|""|""|""|""|""|""|""|""|""|""|""|""|""|""|""|""|""|""|""|""|""|""|""|""|""|""|""|""|""|""|""|""|""|""|""|""|""|""|""|""|""|""|""|""|""|""|""|""|""|""|""|""|""|""|""|""
"D"|""|""|""|""|""|""|""|""|""|""|""|""|""|""|""|""|""|""|""|""|""|""|""|""|""|""|""|""|""|""|""|""|""|""|""|""|""|""|""|""|""|""|""|""|""|""|""|""|""|""|""|""|""|""|""|""|""|""|""|""|""|""|""|""|""|""|""|""|""|""|""|""|""|""|""|""|""|""|""|""|""|""|""|""|""|""|""|""|""|""|""|""|""|""|""|""
"D"|""|""|""|""|""|""|""|""|""|""|""|""|""|""|""|""|""|""|""|""|""|""|""|""|""|""|""|""|""|""|""|""|""|""|""|""|""|""|""|""|""|""|""|""|""|""|""|""|""|""|""|""|""|""|""|""|""|""|""|""|""|""|""|""|""|""|""|""|""|""|""|""|""|""|""|""|""|""|""|""|""|""|""|""|""|""|""|""|""|""|""|""|""|""|""|""
"D"|""|""|""|""|""|""|""|""|""|""|""|""|""|""|""|""|""|""|""|""|""|""|""|""|""|""|""|""|""|""|""|""|""|""|""|""|""|""|""|""|""|""|""|""|""|""|""|""|""|""|""|""|""|""|""|""|""|""|""|""|""|""|""|""|""|""|""|""|""|""|""|""|""|""|""|""|""|""|""|""|""|""|""|""|""|""|""|""|""|""|""|""|""|""|""|""
"D"|""|""|""|""|""|""|""|""|""|""|""|""|""|""|""|""|""|""|""|""|""|""|""|""|""|""|""|""|""|""|""|""|""|""|""|""|""|""|""|""|""|""|""|""|""|""|""|""|""|""|""|""|""|""|""|""|""|""|""|""|""|""|""|""|""|""|""|""|""|""|""|""|""|""|""|""|""|""|""|""|""|""|""|""|""|""|""|""|""|""|""|""|""|""|""|""
"D"|""|""|""|""|""|""|""|""|""|""|""|""|""|""|""|""|""|""|""|""|""|""|""|""|""|""|""|""|""|""|""|""|""|""|""|""|""|""|""|""|""|""|""|""|""|""|""|""|""|""|""|""|""|""|""|""|""|""|""|""|""|""|""|""|""|""|""|""|""|""|""|""|""|""|""|""|""|""|""|""|""|""|""|""|""|""|""|""|""|""|""|""|""|""|""|""
"D"|""|""|""|""|""|""|""|""|""|""|""|""|""|""|""|""|""|""|""|""|""|""|""|""|""|""|""|""|""|""|""|""|""|""|""|""|""|""|""|""|""|""|""|""|""|""|""|""|""|""|""|""|""|""|""|""|""|""|""|""|""|""|""|""|""|""|""|""|""|""|""|""|""|""|""|""|""|""|""|""|""|""|""|""|""|""|""|""|""|""|""|""|""|""|""|""
"D"|""|""|""|""|""|""|""|""|""|""|""|""|""|""|""|""|""|""|""|""|""|""|""|""|""|""|""|""|""|""|""|""|""|""|""|""|""|""|""|""|""|""|""|""|""|""|""|""|""|""|""|""|""|""|""|""|""|""|""|""|""|""|""|""|""|""|""|""|""|""|""|""|""|""|""|""|""|""|""|""|""|""|""|""|""|""|""|""|""|""|""|""|""|""|""|""
"D"|""|""|""|""|""|""|""|""|""|""|""|""|""|""|""|""|""|""|""|""|""|""|""|""|""|""|""|""|""|""|""|""|""|""|""|""|""|""|""|""|""|""|""|""|""|""|""|""|""|""|""|""|""|""|""|""|""|""|""|""|""|""|""|""|""|""|""|""|""|""|""|""|""|""|""|""|""|""|""|""|""|""|""|""|""|""|""|""|""|""|""|""|""|""|""|""
"D"|""|""|""|""|""|""|""|""|""|""|""|""|""|""|""|""|""|""|""|""|""|""|""|""|""|""|""|""|""|""|""|""|""|""|""|""|""|""|""|""|""|""|""|""|""|""|""|""|""|""|""|""|""|""|""|""|""|""|""|""|""|""|""|""|""|""|""|""|""|""|""|""|""|""|""|""|""|""|""|""|""|""|""|""|""|""|""|""|""|""|""|""|""|""|""|""
"D"|""|""|""|""|""|""|""|""|""|""|""|""|""|""|""|""|""|""|""|""|""|""|""|""|""|""|""|""|""|""|""|""|""|""|""|""|""|""|""|""|""|""|""|""|""|""|""|""|""|""|""|""|""|""|""|""|""|""|""|""|""|""|""|""|""|""|""|""|""|""|""|""|""|""|""|""|""|""|""|""|""|""|""|""|""|""|""|""|""|""|""|""|""|""|""|""
"D"|""|""|""|""|""|""|""|""|""|""|""|""|""|""|""|""|""|""|""|""|""|""|""|""|""|""|""|""|""|""|""|""|""|""|""|""|""|""|""|""|""|""|""|""|""|""|""|""|""|""|""|""|""|""|""|""|""|""|""|""|""|""|""|""|""|""|""|""|""|""|""|""|""|""|""|""|""|""|""|""|""|""|""|""|""|""|""|""|""|""|""|""|""|""|""|""
"D"|""|""|""|""|""|""|""|""|""|""|""|""|""|""|""|""|""|""|""|""|""|""|""|""|""|""|""|""|""|""|""|""|""|""|""|""|""|""|""|""|""|""|""|""|""|""|""|""|""|""|""|""|""|""|""|""|""|""|""|""|""|""|""|""|""|""|""|""|""|""|""|""|""|""|""|""|""|""|""|""|""|""|""|""|""|""|""|""|""|""|""|""|""|""|""|""
"D"|""|""|""|""|""|""|""|""|""|""|""|""|""|""|""|""|""|""|""|""|""|""|""|""|""|""|""|""|""|""|""|""|""|""|""|""|""|""|""|""|""|""|""|""|""|""|""|""|""|""|""|""|""|""|""|""|""|""|""|""|""|""|""|""|""|""|""|""|""|""|""|""|""|""|""|""|""|""|""|""|""|""|""|""|""|""|""|""|""|""|""|""|""|""|""|""
"D"|""|""|""|""|""|""|""|""|""|""|""|""|""|""|""|""|""|""|""|""|""|""|""|""|""|""|""|""|""|""|""|""|""|""|""|""|""|""|""|""|""|""|""|""|""|""|""|""|""|""|""|""|""|""|""|""|""|""|""|""|""|""|""|""|""|""|""|""|""|""|""|""|""|""|""|""|""|""|""|""|""|""|""|""|""|""|""|""|""|""|""|""|""|""|""|""
"D"|""|""|""|""|""|""|""|""|""|""|""|""|""|""|""|""|""|""|""|""|""|""|""|""|""|""|""|""|""|""|""|""|""|""|""|""|""|""|""|""|""|""|""|""|""|""|""|""|""|""|""|""|""|""|""|""|""|""|""|""|""|""|""|""|""|""|""|""|""|""|""|""|""|""|""|""|""|""|""|""|""|""|""|""|""|""|""|""|""|""|""|""|""|""|""|""
"D"|""|""|""|""|""|""|""|""|""|""|""|""|""|""|""|""|""|""|""|""|""|""|""|""|""|""|""|""|""|""|""|""|""|""|""|""|""|""|""|""|""|""|""|""|""|""|""|""|""|""|""|""|""|""|""|""|""|""|""|""|""|""|""|""|""|""|""|""|""|""|""|""|""|""|""|""|""|""|""|""|""|""|""|""|""|""|""|""|""|""|""|""|""|""|""|""
"D"|""|""|""|""|""|""|""|""|""|""|""|""|""|""|""|""|""|""|""|""|""|""|""|""|""|""|""|""|""|""|""|""|""|""|""|""|""|""|""|""|""|""|""|""|""|""|""|""|""|""|""|""|""|""|""|""|""|""|""|""|""|""|""|""|""|""|""|""|""|""|""|""|""|""|""|""|""|""|""|""|""|""|""|""|""|""|""|""|""|""|""|""|""|""|""|""
"D"|""|""|""|""|""|""|""|""|""|""|""|""|""|""|""|""|""|""|""|""|""|""|""|""|""|""|""|""|""|""|""|""|""|""|""|""|""|""|""|""|""|""|""|""|""|""|""|""|""|""|""|""|""|""|""|""|""|""|""|""|""|""|""|""|""|""|""|""|""|""|""|""|""|""|""|""|""|""|""|""|""|""|""|""|""|""|""|""|""|""|""|""|""|""|""|""
"D"|""|""|""|""|""|""|""|""|""|""|""|""|""|""|""|""|""|""|""|""|""|""|""|""|""|""|""|""|""|""|""|""|""|""|""|""|""|""|""|""|""|""|""|""|""|""|""|""|""|""|""|""|""|""|""|""|""|""|""|""|""|""|""|""|""|""|""|""|""|""|""|""|""|""|""|""|""|""|""|""|""|""|""|""|""|""|""|""|""|""|""|""|""|""|""|""
"D"|""|""|""|""|""|""|""|""|""|""|""|""|""|""|""|""|""|""|""|""|""|""|""|""|""|""|""|""|""|""|""|""|""|""|""|""|""|""|""|""|""|""|""|""|""|""|""|""|""|""|""|""|""|""|""|""|""|""|""|""|""|""|""|""|""|""|""|""|""|""|""|""|""|""|""|""|""|""|""|""|""|""|""|""|""|""|""|""|""|""|""|""|""|""|""|""
"D"|""|""|""|""|""|""|""|""|""|""|""|""|""|""|""|""|""|""|""|""|""|""|""|""|""|""|""|""|""|""|""|""|""|""|""|""|""|""|""|""|""|""|""|""|""|""|""|""|""|""|""|""|""|""|""|""|""|""|""|""|""|""|""|""|""|""|""|""|""|""|""|""|""|""|""|""|""|""|""|""|""|""|""|""|""|""|""|""|""|""|""|""|""|""|""|""
"D"|""|""|""|""|""|""|""|""|""|""|""|""|""|""|""|""|""|""|""|""|""|""|""|""|""|""|""|""|""|""|""|""|""|""|""|""|""|""|""|""|""|""|""|""|""|""|""|""|""|""|""|""|""|""|""|""|""|""|""|""|""|""|""|""|""|""|""|""|""|""|""|""|""|""|""|""|""|""|""|""|""|""|""|""|""|""|""|""|""|""|""|""|""|""|""|""
"D"|""|""|""|""|""|""|""|""|""|""|""|""|""|""|""|""|""|""|""|""|""|""|""|""|""|""|""|""|""|""|""|""|""|""|""|""|""|""|""|""|""|""|""|""|""|""|""|""|""|""|""|""|""|""|""|""|""|""|""|""|""|""|""|""|""|""|""|""|""|""|""|""|""|""|""|""|""|""|""|""|""|""|""|""|""|""|""|""|""|""|""|""|""|""|""|""
"D"|""|""|""|""|""|""|""|""|""|""|""|""|""|""|""|""|""|""|""|""|""|""|""|""|""|""|""|""|""|""|""|""|""|""|""|""|""|""|""|""|""|""|""|""|""|""|""|""|""|""|""|""|""|""|""|""|""|""|""|""|""|""|""|""|""|""|""|""|""|""|""|""|""|""|""|""|""|""|""|""|""|""|""|""|""|""|""|""|""|""|""|""|""|""|""|""
"D"|""|""|""|""|""|""|""|""|""|""|""|""|""|""|""|""|""|""|""|""|""|""|""|""|""|""|""|""|""|""|""|""|""|""|""|""|""|""|""|""|""|""|""|""|""|""|""|""|""|""|""|""|""|""|""|""|""|""|""|""|""|""|""|""|""|""|""|""|""|""|""|""|""|""|""|""|""|""|""|""|""|""|""|""|""|""|""|""|""|""|""|""|""|""|""|""
"D"|""|""|""|""|""|""|""|""|""|""|""|""|""|""|""|""|""|""|""|""|""|""|""|""|""|""|""|""|""|""|""|""|""|""|""|""|""|""|""|""|""|""|""|""|""|""|""|""|""|""|""|""|""|""|""|""|""|""|""|""|""|""|""|""|""|""|""|""|""|""|""|""|""|""|""|""|""|""|""|""|""|""|""|""|""|""|""|""|""|""|""|""|""|""|""|""
"D"|""|""|""|""|""|""|""|""|""|""|""|""|""|""|""|""|""|""|""|""|""|""|""|""|""|""|""|""|""|""|""|""|""|""|""|""|""|""|""|""|""|""|""|""|""|""|""|""|""|""|""|""|""|""|""|""|""|""|""|""|""|""|""|""|""|""|""|""|""|""|""|""|""|""|""|""|""|""|""|""|""|""|""|""|""|""|""|""|""|""|""|""|""|""|""|""
"D"|""|""|""|""|""|""|""|""|""|""|""|""|""|""|""|""|""|""|""|""|""|""|""|""|""|""|""|""|""|""|""|""|""|""|""|""|""|""|""|""|""|""|""|""|""|""|""|""|""|""|""|""|""|""|""|""|""|""|""|""|""|""|""|""|""|""|""|""|""|""|""|""|""|""|""|""|""|""|""|""|""|""|""|""|""|""|""|""|""|""|""|""|""|""|""|""
"D"|""|""|""|""|""|""|""|""|""|""|""|""|""|""|""|""|""|""|""|""|""|""|""|""|""|""|""|""|""|""|""|""|""|""|""|""|""|""|""|""|""|""|""|""|""|""|""|""|""|""|""|""|""|""|""|""|""|""|""|""|""|""|""|""|""|""|""|""|""|""|""|""|""|""|""|""|""|""|""|""|""|""|""|""|""|""|""|""|""|""|""|""|""|""|""|""
"D"|""|""|""|""|""|""|""|""|""|""|""|""|""|""|""|""|""|""|""|""|""|""|""|""|""|""|""|""|""|""|""|""|""|""|""|""|""|""|""|""|""|""|""|""|""|""|""|""|""|""|""|""|""|""|""|""|""|""|""|""|""|""|""|""|""|""|""|""|""|""|""|""|""|""|""|""|""|""|""|""|""|""|""|""|""|""|""|""|""|""|""|""|""|""|""|""
"D"|""|""|""|""|""|""|""|""|""|""|""|""|""|""|""|""|""|""|""|""|""|""|""|""|""|""|""|""|""|""|""|""|""|""|""|""|""|""|""|""|""|""|""|""|""|""|""|""|""|""|""|""|""|""|""|""|""|""|""|""|""|""|""|""|""|""|""|""|""|""|""|""|""|""|""|""|""|""|""|""|""|""|""|""|""|""|""|""|""|""|""|""|""|""|""|""
"D"|""|""|""|""|""|""|""|""|""|""|""|""|""|""|""|""|""|""|""|""|""|""|""|""|""|""|""|""|""|""|""|""|""|""|""|""|""|""|""|""|""|""|""|""|""|""|""|""|""|""|""|""|""|""|""|""|""|""|""|""|""|""|""|""|""|""|""|""|""|""|""|""|""|""|""|""|""|""|""|""|""|""|""|""|""|""|""|""|""|""|""|""|""|""|""|""
"D"|""|""|""|""|""|""|""|""|""|""|""|""|""|""|""|""|""|""|""|""|""|""|""|""|""|""|""|""|""|""|""|""|""|""|""|""|""|""|""|""|""|""|""|""|""|""|""|""|""|""|""|""|""|""|""|""|""|""|""|""|""|""|""|""|""|""|""|""|""|""|""|""|""|""|""|""|""|""|""|""|""|""|""|""|""|""|""|""|""|""|""|""|""|""|""|""
"D"|""|""|""|""|""|""|""|""|""|""|""|""|""|""|""|""|""|""|""|""|""|""|""|""|""|""|""|""|""|""|""|""|""|""|""|""|""|""|""|""|""|""|""|""|""|""|""|""|""|""|""|""|""|""|""|""|""|""|""|""|""|""|""|""|""|""|""|""|""|""|""|""|""|""|""|""|""|""|""|""|""|""|""|""|""|""|""|""|""|""|""|""|""|""|""|""
"D"|""|""|""|""|""|""|""|""|""|""|""|""|""|""|""|""|""|""|""|""|""|""|""|""|""|""|""|""|""|""|""|""|""|""|""|""|""|""|""|""|""|""|""|""|""|""|""|""|""|""|""|""|""|""|""|""|""|""|""|""|""|""|""|""|""|""|""|""|""|""|""|""|""|""|""|""|""|""|""|""|""|""|""|""|""|""|""|""|""|""|""|""|""|""|""|""
"D"|""|""|""|""|""|""|""|""|""|""|""|""|""|""|""|""|""|""|""|""|""|""|""|""|""|""|""|""|""|""|""|""|""|""|""|""|""|""|""|""|""|""|""|""|""|""|""|""|""|""|""|""|""|""|""|""|""|""|""|""|""|""|""|""|""|""|""|""|""|""|""|""|""|""|""|""|""|""|""|""|""|""|""|""|""|""|""|""|""|""|""|""|""|""|""|""
"D"|""|""|""|""|""|""|""|""|""|""|""|""|""|""|""|""|""|""|""|""|""|""|""|""|""|""|""|""|""|""|""|""|""|""|""|""|""|""|""|""|""|""|""|""|""|""|""|""|""|""|""|""|""|""|""|""|""|""|""|""|""|""|""|""|""|""|""|""|""|""|""|""|""|""|""|""|""|""|""|""|""|""|""|""|""|""|""|""|""|""|""|""|""|""|""|""
"D"|""|""|""|""|""|""|""|""|""|""|""|""|""|""|""|""|""|""|""|""|""|""|""|""|""|""|""|""|""|""|""|""|""|""|""|""|""|""|""|""|""|""|""|""|""|""|""|""|""|""|""|""|""|""|""|""|""|""|""|""|""|""|""|""|""|""|""|""|""|""|""|""|""|""|""|""|""|""|""|""|""|""|""|""|""|""|""|""|""|""|""|""|""|""|""|""
"D"|""|""|""|""|""|""|""|""|""|""|""|""|""|""|""|""|""|""|""|""|""|""|""|""|""|""|""|""|""|""|""|""|""|""|""|""|""|""|""|""|""|""|""|""|""|""|""|""|""|""|""|""|""|""|""|""|""|""|""|""|""|""|""|""|""|""|""|""|""|""|""|""|""|""|""|""|""|""|""|""|""|""|""|""|""|""|""|""|""|""|""|""|""|""|""|""
"D"|""|""|""|""|""|""|""|""|""|""|""|""|""|""|""|""|""|""|""|""|""|""|""|""|""|""|""|""|""|""|""|""|""|""|""|""|""|""|""|""|""|""|""|""|""|""|""|""|""|""|""|""|""|""|""|""|""|""|""|""|""|""|""|""|""|""|""|""|""|""|""|""|""|""|""|""|""|""|""|""|""|""|""|""|""|""|""|""|""|""|""|""|""|""|""|""
"D"|""|""|""|""|""|""|""|""|""|""|""|""|""|""|""|""|""|""|""|""|""|""|""|""|""|""|""|""|""|""|""|""|""|""|""|""|""|""|""|""|""|""|""|""|""|""|""|""|""|""|""|""|""|""|""|""|""|""|""|""|""|""|""|""|""|""|""|""|""|""|""|""|""|""|""|""|""|""|""|""|""|""|""|""|""|""|""|""|""|""|""|""|""|""|""|""
"D"|""|""|""|""|""|""|""|""|""|""|""|""|""|""|""|""|""|""|""|""|""|""|""|""|""|""|""|""|""|""|""|""|""|""|""|""|""|""|""|""|""|""|""|""|""|""|""|""|""|""|""|""|""|""|""|""|""|""|""|""|""|""|""|""|""|""|""|""|""|""|""|""|""|""|""|""|""|""|""|""|""|""|""|""|""|""|""|""|""|""|""|""|""|""|""|""
"D"|""|""|""|""|""|""|""|""|""|""|""|""|""|""|""|""|""|""|""|""|""|""|""|""|""|""|""|""|""|""|""|""|""|""|""|""|""|""|""|""|""|""|""|""|""|""|""|""|""|""|""|""|""|""|""|""|""|""|""|""|""|""|""|""|""|""|""|""|""|""|""|""|""|""|""|""|""|""|""|""|""|""|""|""|""|""|""|""|""|""|""|""|""|""|""|""
"D"|""|""|""|""|""|""|""|""|""|""|""|""|""|""|""|""|""|""|""|""|""|""|""|""|""|""|""|""|""|""|""|""|""|""|""|""|""|""|""|""|""|""|""|""|""|""|""|""|""|""|""|""|""|""|""|""|""|""|""|""|""|""|""|""|""|""|""|""|""|""|""|""|""|""|""|""|""|""|""|""|""|""|""|""|""|""|""|""|""|""|""|""|""|""|""|""
"D"|""|""|""|""|""|""|""|""|""|""|""|""|""|""|""|""|""|""|""|""|""|""|""|""|""|""|""|""|""|""|""|""|""|""|""|""|""|""|""|""|""|""|""|""|""|""|""|""|""|""|""|""|""|""|""|""|""|""|""|""|""|""|""|""|""|""|""|""|""|""|""|""|""|""|""|""|""|""|""|""|""|""|""|""|""|""|""|""|""|""|""|""|""|""|""|""
"D"|""|""|""|""|""|""|""|""|""|""|""|""|""|""|""|""|""|""|""|""|""|""|""|""|""|""|""|""|""|""|""|""|""|""|""|""|""|""|""|""|""|""|""|""|""|""|""|""|""|""|""|""|""|""|""|""|""|""|""|""|""|""|""|""|""|""|""|""|""|""|""|""|""|""|""|""|""|""|""|""|""|""|""|""|""|""|""|""|""|""|""|""|""|""|""|""
"D"|""|""|""|""|""|""|""|""|""|""|""|""|""|""|""|""|""|""|""|""|""|""|""|""|""|""|""|""|""|""|""|""|""|""|""|""|""|""|""|""|""|""|""|""|""|""|""|""|""|""|""|""|""|""|""|""|""|""|""|""|""|""|""|""|""|""|""|""|""|""|""|""|""|""|""|""|""|""|""|""|""|""|""|""|""|""|""|""|""|""|""|""|""|""|""|""
"D"|""|""|""|""|""|""|""|""|""|""|""|""|""|""|""|""|""|""|""|""|""|""|""|""|""|""|""|""|""|""|""|""|""|""|""|""|""|""|""|""|""|""|""|""|""|""|""|""|""|""|""|""|""|""|""|""|""|""|""|""|""|""|""|""|""|""|""|""|""|""|""|""|""|""|""|""|""|""|""|""|""|""|""|""|""|""|""|""|""|""|""|""|""|""|""|""
"D"|""|""|""|""|""|""|""|""|""|""|""|""|""|""|""|""|""|""|""|""|""|""|""|""|""|""|""|""|""|""|""|""|""|""|""|""|""|""|""|""|""|""|""|""|""|""|""|""|""|""|""|""|""|""|""|""|""|""|""|""|""|""|""|""|""|""|""|""|""|""|""|""|""|""|""|""|""|""|""|""|""|""|""|""|""|""|""|""|""|""|""|""|""|""|""|""
"D"|""|""|""|""|""|""|""|""|""|""|""|""|""|""|""|""|""|""|""|""|""|""|""|""|""|""|""|""|""|""|""|""|""|""|""|""|""|""|""|""|""|""|""|""|""|""|""|""|""|""|""|""|""|""|""|""|""|""|""|""|""|""|""|""|""|""|""|""|""|""|""|""|""|""|""|""|""|""|""|""|""|""|""|""|""|""|""|""|""|""|""|""|""|""|""|""
"D"|""|""|""|""|""|""|""|""|""|""|""|""|""|""|""|""|""|""|""|""|""|""|""|""|""|""|""|""|""|""|""|""|""|""|""|""|""|""|""|""|""|""|""|""|""|""|""|""|""|""|""|""|""|""|""|""|""|""|""|""|""|""|""|""|""|""|""|""|""|""|""|""|""|""|""|""|""|""|""|""|""|""|""|""|""|""|""|""|""|""|""|""|""|""|""|""
"D"|""|""|""|""|""|""|""|""|""|""|""|""|""|""|""|""|""|""|""|""|""|""|""|""|""|""|""|""|""|""|""|""|""|""|""|""|""|""|""|""|""|""|""|""|""|""|""|""|""|""|""|""|""|""|""|""|""|""|""|""|""|""|""|""|""|""|""|""|""|""|""|""|""|""|""|""|""|""|""|""|""|""|""|""|""|""|""|""|""|""|""|""|""|""|""|""
"D"|""|""|""|""|""|""|""|""|""|""|""|""|""|""|""|""|""|""|""|""|""|""|""|""|""|""|""|""|""|""|""|""|""|""|""|""|""|""|""|""|""|""|""|""|""|""|""|""|""|""|""|""|""|""|""|""|""|""|""|""|""|""|""|""|""|""|""|""|""|""|""|""|""|""|""|""|""|""|""|""|""|""|""|""|""|""|""|""|""|""|""|""|""|""|""|""
"D"|""|""|""|""|""|""|""|""|""|""|""|""|""|""|""|""|""|""|""|""|""|""|""|""|""|""|""|""|""|""|""|""|""|""|""|""|""|""|""|""|""|""|""|""|""|""|""|""|""|""|""|""|""|""|""|""|""|""|""|""|""|""|""|""|""|""|""|""|""|""|""|""|""|""|""|""|""|""|""|""|""|""|""|""|""|""|""|""|""|""|""|""|""|""|""|""
"D"|""|""|""|""|""|""|""|""|""|""|""|""|""|""|""|""|""|""|""|""|""|""|""|""|""|""|""|""|""|""|""|""|""|""|""|""|""|""|""|""|""|""|""|""|""|""|""|""|""|""|""|""|""|""|""|""|""|""|""|""|""|""|""|""|""|""|""|""|""|""|""|""|""|""|""|""|""|""|""|""|""|""|""|""|""|""|""|""|""|""|""|""|""|""|""|""
"D"|""|""|""|""|""|""|""|""|""|""|""|""|""|""|""|""|""|""|""|""|""|""|""|""|""|""|""|""|""|""|""|""|""|""|""|""|""|""|""|""|""|""|""|""|""|""|""|""|""|""|""|""|""|""|""|""|""|""|""|""|""|""|""|""|""|""|""|""|""|""|""|""|""|""|""|""|""|""|""|""|""|""|""|""|""|""|""|""|""|""|""|""|""|""|""|""
"D"|""|""|""|""|""|""|""|""|""|""|""|""|""|""|""|""|""|""|""|""|""|""|""|""|""|""|""|""|""|""|""|""|""|""|""|""|""|""|""|""|""|""|""|""|""|""|""|""|""|""|""|""|""|""|""|""|""|""|""|""|""|""|""|""|""|""|""|""|""|""|""|""|""|""|""|""|""|""|""|""|""|""|""|""|""|""|""|""|""|""|""|""|""|""|""|""
"D"|""|""|""|""|""|""|""|""|""|""|""|""|""|""|""|""|""|""|""|""|""|""|""|""|""|""|""|""|""|""|""|""|""|""|""|""|""|""|""|""|""|""|""|""|""|""|""|""|""|""|""|""|""|""|""|""|""|""|""|""|""|""|""|""|""|""|""|""|""|""|""|""|""|""|""|""|""|""|""|""|""|""|""|""|""|""|""|""|""|""|""|""|""|""|""|""
"D"|""|""|""|""|""|""|""|""|""|""|""|""|""|""|""|""|""|""|""|""|""|""|""|""|""|""|""|""|""|""|""|""|""|""|""|""|""|""|""|""|""|""|""|""|""|""|""|""|""|""|""|""|""|""|""|""|""|""|""|""|""|""|""|""|""|""|""|""|""|""|""|""|""|""|""|""|""|""|""|""|""|""|""|""|""|""|""|""|""|""|""|""|""|""|""|""
"D"|""|""|""|""|""|""|""|""|""|""|""|""|""|""|""|""|""|""|""|""|""|""|""|""|""|""|""|""|""|""|""|""|""|""|""|""|""|""|""|""|""|""|""|""|""|""|""|""|""|""|""|""|""|""|""|""|""|""|""|""|""|""|""|""|""|""|""|""|""|""|""|""|""|""|""|""|""|""|""|""|""|""|""|""|""|""|""|""|""|""|""|""|""|""|""|""
"D"|""|""|""|""|""|""|""|""|""|""|""|""|""|""|""|""|""|""|""|""|""|""|""|""|""|""|""|""|""|""|""|""|""|""|""|""|""|""|""|""|""|""|""|""|""|""|""|""|""|""|""|""|""|""|""|""|""|""|""|""|""|""|""|""|""|""|""|""|""|""|""|""|""|""|""|""|""|""|""|""|""|""|""|""|""|""|""|""|""|""|""|""|""|""|""|""
"D"|""|""|""|""|""|""|""|""|""|""|""|""|""|""|""|""|""|""|""|""|""|""|""|""|""|""|""|""|""|""|""|""|""|""|""|""|""|""|""|""|""|""|""|""|""|""|""|""|""|""|""|""|""|""|""|""|""|""|""|""|""|""|""|""|""|""|""|""|""|""|""|""|""|""|""|""|""|""|""|""|""|""|""|""|""|""|""|""|""|""|""|""|""|""|""|""
"D"|""|""|""|""|""|""|""|""|""|""|""|""|""|""|""|""|""|""|""|""|""|""|""|""|""|""|""|""|""|""|""|""|""|""|""|""|""|""|""|""|""|""|""|""|""|""|""|""|""|""|""|""|""|""|""|""|""|""|""|""|""|""|""|""|""|""|""|""|""|""|""|""|""|""|""|""|""|""|""|""|""|""|""|""|""|""|""|""|""|""|""|""|""|""|""|""
"D"|""|""|""|""|""|""|""|""|""|""|""|""|""|""|""|""|""|""|""|""|""|""|""|""|""|""|""|""|""|""|""|""|""|""|""|""|""|""|""|""|""|""|""|""|""|""|""|""|""|""|""|""|""|""|""|""|""|""|""|""|""|""|""|""|""|""|""|""|""|""|""|""|""|""|""|""|""|""|""|""|""|""|""|""|""|""|""|""|""|""|""|""|""|""|""|""
"D"|""|""|""|""|""|""|""|""|""|""|""|""|""|""|""|""|""|""|""|""|""|""|""|""|""|""|""|""|""|""|""|""|""|""|""|""|""|""|""|""|""|""|""|""|""|""|""|""|""|""|""|""|""|""|""|""|""|""|""|""|""|""|""|""|""|""|""|""|""|""|""|""|""|""|""|""|""|""|""|""|""|""|""|""|""|""|""|""|""|""|""|""|""|""|""|""
"D"|""|""|""|""|""|""|""|""|""|""|""|""|""|""|""|""|""|""|""|""|""|""|""|""|""|""|""|""|""|""|""|""|""|""|""|""|""|""|""|""|""|""|""|""|""|""|""|""|""|""|""|""|""|""|""|""|""|""|""|""|""|""|""|""|""|""|""|""|""|""|""|""|""|""|""|""|""|""|""|""|""|""|""|""|""|""|""|""|""|""|""|""|""|""|""|""
"D"|""|""|""|""|""|""|""|""|""|""|""|""|""|""|""|""|""|""|""|""|""|""|""|""|""|""|""|""|""|""|""|""|""|""|""|""|""|""|""|""|""|""|""|""|""|""|""|""|""|""|""|""|""|""|""|""|""|""|""|""|""|""|""|""|""|""|""|""|""|""|""|""|""|""|""|""|""|""|""|""|""|""|""|""|""|""|""|""|""|""|""|""|""|""|""|""
"D"|""|""|""|""|""|""|""|""|""|""|""|""|""|""|""|""|""|""|""|""|""|""|""|""|""|""|""|""|""|""|""|""|""|""|""|""|""|""|""|""|""|""|""|""|""|""|""|""|""|""|""|""|""|""|""|""|""|""|""|""|""|""|""|""|""|""|""|""|""|""|""|""|""|""|""|""|""|""|""|""|""|""|""|""|""|""|""|""|""|""|""|""|""|""|""|""
"D"|""|""|""|""|""|""|""|""|""|""|""|""|""|""|""|""|""|""|""|""|""|""|""|""|""|""|""|""|""|""|""|""|""|""|""|""|""|""|""|""|""|""|""|""|""|""|""|""|""|""|""|""|""|""|""|""|""|""|""|""|""|""|""|""|""|""|""|""|""|""|""|""|""|""|""|""|""|""|""|""|""|""|""|""|""|""|""|""|""|""|""|""|""|""|""|""
"D"|""|""|""|""|""|""|""|""|""|""|""|""|""|""|""|""|""|""|""|""|""|""|""|""|""|""|""|""|""|""|""|""|""|""|""|""|""|""|""|""|""|""|""|""|""|""|""|""|""|""|""|""|""|""|""|""|""|""|""|""|""|""|""|""|""|""|""|""|""|""|""|""|""|""|""|""|""|""|""|""|""|""|""|""|""|""|""|""|""|""|""|""|""|""|""|""
"D"|""|""|""|""|""|""|""|""|""|""|""|""|""|""|""|""|""|""|""|""|""|""|""|""|""|""|""|""|""|""|""|""|""|""|""|""|""|""|""|""|""|""|""|""|""|""|""|""|""|""|""|""|""|""|""|""|""|""|""|""|""|""|""|""|""|""|""|""|""|""|""|""|""|""|""|""|""|""|""|""|""|""|""|""|""|""|""|""|""|""|""|""|""|""|""|""
"D"|""|""|""|""|""|""|""|""|""|""|""|""|""|""|""|""|""|""|""|""|""|""|""|""|""|""|""|""|""|""|""|""|""|""|""|""|""|""|""|""|""|""|""|""|""|""|""|""|""|""|""|""|""|""|""|""|""|""|""|""|""|""|""|""|""|""|""|""|""|""|""|""|""|""|""|""|""|""|""|""|""|""|""|""|""|""|""|""|""|""|""|""|""|""|""|""
"D"|""|""|""|""|""|""|""|""|""|""|""|""|""|""|""|""|""|""|""|""|""|""|""|""|""|""|""|""|""|""|""|""|""|""|""|""|""|""|""|""|""|""|""|""|""|""|""|""|""|""|""|""|""|""|""|""|""|""|""|""|""|""|""|""|""|""|""|""|""|""|""|""|""|""|""|""|""|""|""|""|""|""|""|""|""|""|""|""|""|""|""|""|""|""|""|""
"D"|""|""|""|""|""|""|""|""|""|""|""|""|""|""|""|""|""|""|""|""|""|""|""|""|""|""|""|""|""|""|""|""|""|""|""|""|""|""|""|""|""|""|""|""|""|""|""|""|""|""|""|""|""|""|""|""|""|""|""|""|""|""|""|""|""|""|""|""|""|""|""|""|""|""|""|""|""|""|""|""|""|""|""|""|""|""|""|""|""|""|""|""|""|""|""|""
"D"|""|""|""|""|""|""|""|""|""|""|""|""|""|""|""|""|""|""|""|""|""|""|""|""|""|""|""|""|""|""|""|""|""|""|""|""|""|""|""|""|""|""|""|""|""|""|""|""|""|""|""|""|""|""|""|""|""|""|""|""|""|""|""|""|""|""|""|""|""|""|""|""|""|""|""|""|""|""|""|""|""|""|""|""|""|""|""|""|""|""|""|""|""|""|""|""
"D"|""|""|""|""|""|""|""|""|""|""|""|""|""|""|""|""|""|""|""|""|""|""|""|""|""|""|""|""|""|""|""|""|""|""|""|""|""|""|""|""|""|""|""|""|""|""|""|""|""|""|""|""|""|""|""|""|""|""|""|""|""|""|""|""|""|""|""|""|""|""|""|""|""|""|""|""|""|""|""|""|""|""|""|""|""|""|""|""|""|""|""|""|""|""|""|""
"D"|""|""|""|""|""|""|""|""|""|""|""|""|""|""|""|""|""|""|""|""|""|""|""|""|""|""|""|""|""|""|""|""|""|""|""|""|""|""|""|""|""|""|""|""|""|""|""|""|""|""|""|""|""|""|""|""|""|""|""|""|""|""|""|""|""|""|""|""|""|""|""|""|""|""|""|""|""|""|""|""|""|""|""|""|""|""|""|""|""|""|""|""|""|""|""|""
"D"|""|""|""|""|""|""|""|""|""|""|""|""|""|""|""|""|""|""|""|""|""|""|""|""|""|""|""|""|""|""|""|""|""|""|""|""|""|""|""|""|""|""|""|""|""|""|""|""|""|""|""|""|""|""|""|""|""|""|""|""|""|""|""|""|""|""|""|""|""|""|""|""|""|""|""|""|""|""|""|""|""|""|""|""|""|""|""|""|""|""|""|""|""|""|""|""
"D"|""|""|""|""|""|""|""|""|""|""|""|""|""|""|""|""|""|""|""|""|""|""|""|""|""|""|""|""|""|""|""|""|""|""|""|""|""|""|""|""|""|""|""|""|""|""|""|""|""|""|""|""|""|""|""|""|""|""|""|""|""|""|""|""|""|""|""|""|""|""|""|""|""|""|""|""|""|""|""|""|""|""|""|""|""|""|""|""|""|""|""|""|""|""|""|""
"D"|""|""|""|""|""|""|""|""|""|""|""|""|""|""|""|""|""|""|""|""|""|""|""|""|""|""|""|""|""|""|""|""|""|""|""|""|""|""|""|""|""|""|""|""|""|""|""|""|""|""|""|""|""|""|""|""|""|""|""|""|""|""|""|""|""|""|""|""|""|""|""|""|""|""|""|""|""|""|""|""|""|""|""|""|""|""|""|""|""|""|""|""|""|""|""|""
"D"|""|""|""|""|""|""|""|""|""|""|""|""|""|""|""|""|""|""|""|""|""|""|""|""|""|""|""|""|""|""|""|""|""|""|""|""|""|""|""|""|""|""|""|""|""|""|""|""|""|""|""|""|""|""|""|""|""|""|""|""|""|""|""|""|""|""|""|""|""|""|""|""|""|""|""|""|""|""|""|""|""|""|""|""|""|""|""|""|""|""|""|""|""|""|""|""
"D"|""|""|""|""|""|""|""|""|""|""|""|""|""|""|""|""|""|""|""|""|""|""|""|""|""|""|""|""|""|""|""|""|""|""|""|""|""|""|""|""|""|""|""|""|""|""|""|""|""|""|""|""|""|""|""|""|""|""|""|""|""|""|""|""|""|""|""|""|""|""|""|""|""|""|""|""|""|""|""|""|""|""|""|""|""|""|""|""|""|""|""|""|""|""|""|""
"D"|""|""|""|""|""|""|""|""|""|""|""|""|""|""|""|""|""|""|""|""|""|""|""|""|""|""|""|""|""|""|""|""|""|""|""|""|""|""|""|""|""|""|""|""|""|""|""|""|""|""|""|""|""|""|""|""|""|""|""|""|""|""|""|""|""|""|""|""|""|""|""|""|""|""|""|""|""|""|""|""|""|""|""|""|""|""|""|""|""|""|""|""|""|""|""|""
