"H"|"P1000"|"Bank of West Virginia"|"20151201"|"1.0"|"20151206"|"CBA"
"D"|""|""|""|""|""|""|""|""|""|""|""|""|""|""|""|""|""|""|""|""|""|""|""|""|""|""|""|""|""|""|""|""|""|""|""|""|""|""|""|""|""|""|""|""|""|""|""|""|""|""|""|""|""|""|""|""|""|""|""|""|""|""|""|""|""|""|""|""|""|""|""|""|""|""|""|""|""|""|""|""|""|""|""|""|""|""|""|""|""|""|""|""|""|""|""|""|""|""|""|""|""|""|""|""|""|""|""|""|""|""|""|""|""|""|""|""|""|""|""|""|""|""|""|""|""|""|""
"D"|""|""|""|""|""|""|""|""|""|""|""|""|""|""|""|""|""|""|""|""|""|""|""|""|""|""|""|""|""|""|""|""|""|""|""|""|""|""|""|""|""|""|""|""|""|""|""|""|""|""|""|""|""|""|""|""|""|""|""|""|""|""|""|""|""|""|""|""|""|""|""|""|""|""|""|""|""|""|""|""|""|""|""|""|""|""|""|""|""|""|""|""|""|""|""|""|""|""|""|""|""|""|""|""|""|""|""|""|""|""|""|""|""|""|""|""|""|""|""|""|""|""|""|""|""|""|""
"D"|""|""|""|""|""|""|""|""|""|""|""|""|""|""|""|""|""|""|""|""|""|""|""|""|""|""|""|""|""|""|""|""|""|""|""|""|""|""|""|""|""|""|""|""|""|""|""|""|""|""|""|""|""|""|""|""|""|""|""|""|""|""|""|""|""|""|""|""|""|""|""|""|""|""|""|""|""|""|""|""|""|""|""|""|""|""|""|""|""|""|""|""|""|""|""|""|""|""|""|""|""|""|""|""|""|""|""|""|""|""|""|""|""|""|""|""|""|""|""|""|""|""|""|""|""|""|""
"D"|""|""|""|""|""|""|""|""|""|""|""|""|""|""|""|""|""|""|""|""|""|""|""|""|""|""|""|""|""|""|""|""|""|""|""|""|""|""|""|""|""|""|""|""|""|""|""|""|""|""|""|""|""|""|""|""|""|""|""|""|""|""|""|""|""|""|""|""|""|""|""|""|""|""|""|""|""|""|""|""|""|""|""|""|""|""|""|""|""|""|""|""|""|""|""|""|""|""|""|""|""|""|""|""|""|""|""|""|""|""|""|""|""|""|""|""|""|""|""|""|""|""|""|""|""|""|""
"D"|""|""|""|""|""|""|""|""|""|""|""|""|""|""|""|""|""|""|""|""|""|""|""|""|""|""|""|""|""|""|""|""|""|""|""|""|""|""|""|""|""|""|""|""|""|""|""|""|""|""|""|""|""|""|""|""|""|""|""|""|""|""|""|""|""|""|""|""|""|""|""|""|""|""|""|""|""|""|""|""|""|""|""|""|""|""|""|""|""|""|""|""|""|""|""|""|""|""|""|""|""|""|""|""|""|""|""|""|""|""|""|""|""|""|""|""|""|""|""|""|""|""|""|""|""|""|""
"D"|""|""|""|""|""|""|""|""|""|""|""|""|""|""|""|""|""|""|""|""|""|""|""|""|""|""|""|""|""|""|""|""|""|""|""|""|""|""|""|""|""|""|""|""|""|""|""|""|""|""|""|""|""|""|""|""|""|""|""|""|""|""|""|""|""|""|""|""|""|""|""|""|""|""|""|""|""|""|""|""|""|""|""|""|""|""|""|""|""|""|""|""|""|""|""|""|""|""|""|""|""|""|""|""|""|""|""|""|""|""|""|""|""|""|""|""|""|""|""|""|""|""|""|""|""|""|""
"D"|""|""|""|""|""|""|""|""|""|""|""|""|""|""|""|""|""|""|""|""|""|""|""|""|""|""|""|""|""|""|""|""|""|""|""|""|""|""|""|""|""|""|""|""|""|""|""|""|""|""|""|""|""|""|""|""|""|""|""|""|""|""|""|""|""|""|""|""|""|""|""|""|""|""|""|""|""|""|""|""|""|""|""|""|""|""|""|""|""|""|""|""|""|""|""|""|""|""|""|""|""|""|""|""|""|""|""|""|""|""|""|""|""|""|""|""|""|""|""|""|""|""|""|""|""|""|""
"D"|""|""|""|""|""|""|""|""|""|""|""|""|""|""|""|""|""|""|""|""|""|""|""|""|""|""|""|""|""|""|""|""|""|""|""|""|""|""|""|""|""|""|""|""|""|""|""|""|""|""|""|""|""|""|""|""|""|""|""|""|""|""|""|""|""|""|""|""|""|""|""|""|""|""|""|""|""|""|""|""|""|""|""|""|""|""|""|""|""|""|""|""|""|""|""|""|""|""|""|""|""|""|""|""|""|""|""|""|""|""|""|""|""|""|""|""|""|""|""|""|""|""|""|""|""|""|""
"D"|""|""|""|""|""|""|""|""|""|""|""|""|""|""|""|""|""|""|""|""|""|""|""|""|""|""|""|""|""|""|""|""|""|""|""|""|""|""|""|""|""|""|""|""|""|""|""|""|""|""|""|""|""|""|""|""|""|""|""|""|""|""|""|""|""|""|""|""|""|""|""|""|""|""|""|""|""|""|""|""|""|""|""|""|""|""|""|""|""|""|""|""|""|""|""|""|""|""|""|""|""|""|""|""|""|""|""|""|""|""|""|""|""|""|""|""|""|""|""|""|""|""|""|""|""|""|""
"D"|""|""|""|""|""|""|""|""|""|""|""|""|""|""|""|""|""|""|""|""|""|""|""|""|""|""|""|""|""|""|""|""|""|""|""|""|""|""|""|""|""|""|""|""|""|""|""|""|""|""|""|""|""|""|""|""|""|""|""|""|""|""|""|""|""|""|""|""|""|""|""|""|""|""|""|""|""|""|""|""|""|""|""|""|""|""|""|""|""|""|""|""|""|""|""|""|""|""|""|""|""|""|""|""|""|""|""|""|""|""|""|""|""|""|""|""|""|""|""|""|""|""|""|""|""|""|""
"D"|""|""|""|""|""|""|""|""|""|""|""|""|""|""|""|""|""|""|""|""|""|""|""|""|""|""|""|""|""|""|""|""|""|""|""|""|""|""|""|""|""|""|""|""|""|""|""|""|""|""|""|""|""|""|""|""|""|""|""|""|""|""|""|""|""|""|""|""|""|""|""|""|""|""|""|""|""|""|""|""|""|""|""|""|""|""|""|""|""|""|""|""|""|""|""|""|""|""|""|""|""|""|""|""|""|""|""|""|""|""|""|""|""|""|""|""|""|""|""|""|""|""|""|""|""|""|""
"D"|""|""|""|""|""|""|""|""|""|""|""|""|""|""|""|""|""|""|""|""|""|""|""|""|""|""|""|""|""|""|""|""|""|""|""|""|""|""|""|""|""|""|""|""|""|""|""|""|""|""|""|""|""|""|""|""|""|""|""|""|""|""|""|""|""|""|""|""|""|""|""|""|""|""|""|""|""|""|""|""|""|""|""|""|""|""|""|""|""|""|""|""|""|""|""|""|""|""|""|""|""|""|""|""|""|""|""|""|""|""|""|""|""|""|""|""|""|""|""|""|""|""|""|""|""|""|""
"D"|""|""|""|""|""|""|""|""|""|""|""|""|""|""|""|""|""|""|""|""|""|""|""|""|""|""|""|""|""|""|""|""|""|""|""|""|""|""|""|""|""|""|""|""|""|""|""|""|""|""|""|""|""|""|""|""|""|""|""|""|""|""|""|""|""|""|""|""|""|""|""|""|""|""|""|""|""|""|""|""|""|""|""|""|""|""|""|""|""|""|""|""|""|""|""|""|""|""|""|""|""|""|""|""|""|""|""|""|""|""|""|""|""|""|""|""|""|""|""|""|""|""|""|""|""|""|""
"D"|""|""|""|""|""|""|""|""|""|""|""|""|""|""|""|""|""|""|""|""|""|""|""|""|""|""|""|""|""|""|""|""|""|""|""|""|""|""|""|""|""|""|""|""|""|""|""|""|""|""|""|""|""|""|""|""|""|""|""|""|""|""|""|""|""|""|""|""|""|""|""|""|""|""|""|""|""|""|""|""|""|""|""|""|""|""|""|""|""|""|""|""|""|""|""|""|""|""|""|""|""|""|""|""|""|""|""|""|""|""|""|""|""|""|""|""|""|""|""|""|""|""|""|""|""|""|""
"D"|""|""|""|""|""|""|""|""|""|""|""|""|""|""|""|""|""|""|""|""|""|""|""|""|""|""|""|""|""|""|""|""|""|""|""|""|""|""|""|""|""|""|""|""|""|""|""|""|""|""|""|""|""|""|""|""|""|""|""|""|""|""|""|""|""|""|""|""|""|""|""|""|""|""|""|""|""|""|""|""|""|""|""|""|""|""|""|""|""|""|""|""|""|""|""|""|""|""|""|""|""|""|""|""|""|""|""|""|""|""|""|""|""|""|""|""|""|""|""|""|""|""|""|""|""|""|""
"D"|""|""|""|""|""|""|""|""|""|""|""|""|""|""|""|""|""|""|""|""|""|""|""|""|""|""|""|""|""|""|""|""|""|""|""|""|""|""|""|""|""|""|""|""|""|""|""|""|""|""|""|""|""|""|""|""|""|""|""|""|""|""|""|""|""|""|""|""|""|""|""|""|""|""|""|""|""|""|""|""|""|""|""|""|""|""|""|""|""|""|""|""|""|""|""|""|""|""|""|""|""|""|""|""|""|""|""|""|""|""|""|""|""|""|""|""|""|""|""|""|""|""|""|""|""|""|""
"D"|""|""|""|""|""|""|""|""|""|""|""|""|""|""|""|""|""|""|""|""|""|""|""|""|""|""|""|""|""|""|""|""|""|""|""|""|""|""|""|""|""|""|""|""|""|""|""|""|""|""|""|""|""|""|""|""|""|""|""|""|""|""|""|""|""|""|""|""|""|""|""|""|""|""|""|""|""|""|""|""|""|""|""|""|""|""|""|""|""|""|""|""|""|""|""|""|""|""|""|""|""|""|""|""|""|""|""|""|""|""|""|""|""|""|""|""|""|""|""|""|""|""|""|""|""|""|""
"D"|""|""|""|""|""|""|""|""|""|""|""|""|""|""|""|""|""|""|""|""|""|""|""|""|""|""|""|""|""|""|""|""|""|""|""|""|""|""|""|""|""|""|""|""|""|""|""|""|""|""|""|""|""|""|""|""|""|""|""|""|""|""|""|""|""|""|""|""|""|""|""|""|""|""|""|""|""|""|""|""|""|""|""|""|""|""|""|""|""|""|""|""|""|""|""|""|""|""|""|""|""|""|""|""|""|""|""|""|""|""|""|""|""|""|""|""|""|""|""|""|""|""|""|""|""|""|""
"D"|""|""|""|""|""|""|""|""|""|""|""|""|""|""|""|""|""|""|""|""|""|""|""|""|""|""|""|""|""|""|""|""|""|""|""|""|""|""|""|""|""|""|""|""|""|""|""|""|""|""|""|""|""|""|""|""|""|""|""|""|""|""|""|""|""|""|""|""|""|""|""|""|""|""|""|""|""|""|""|""|""|""|""|""|""|""|""|""|""|""|""|""|""|""|""|""|""|""|""|""|""|""|""|""|""|""|""|""|""|""|""|""|""|""|""|""|""|""|""|""|""|""|""|""|""|""|""
"D"|""|""|""|""|""|""|""|""|""|""|""|""|""|""|""|""|""|""|""|""|""|""|""|""|""|""|""|""|""|""|""|""|""|""|""|""|""|""|""|""|""|""|""|""|""|""|""|""|""|""|""|""|""|""|""|""|""|""|""|""|""|""|""|""|""|""|""|""|""|""|""|""|""|""|""|""|""|""|""|""|""|""|""|""|""|""|""|""|""|""|""|""|""|""|""|""|""|""|""|""|""|""|""|""|""|""|""|""|""|""|""|""|""|""|""|""|""|""|""|""|""|""|""|""|""|""|""
"D"|""|""|""|""|""|""|""|""|""|""|""|""|""|""|""|""|""|""|""|""|""|""|""|""|""|""|""|""|""|""|""|""|""|""|""|""|""|""|""|""|""|""|""|""|""|""|""|""|""|""|""|""|""|""|""|""|""|""|""|""|""|""|""|""|""|""|""|""|""|""|""|""|""|""|""|""|""|""|""|""|""|""|""|""|""|""|""|""|""|""|""|""|""|""|""|""|""|""|""|""|""|""|""|""|""|""|""|""|""|""|""|""|""|""|""|""|""|""|""|""|""|""|""|""|""|""|""
"D"|""|""|""|""|""|""|""|""|""|""|""|""|""|""|""|""|""|""|""|""|""|""|""|""|""|""|""|""|""|""|""|""|""|""|""|""|""|""|""|""|""|""|""|""|""|""|""|""|""|""|""|""|""|""|""|""|""|""|""|""|""|""|""|""|""|""|""|""|""|""|""|""|""|""|""|""|""|""|""|""|""|""|""|""|""|""|""|""|""|""|""|""|""|""|""|""|""|""|""|""|""|""|""|""|""|""|""|""|""|""|""|""|""|""|""|""|""|""|""|""|""|""|""|""|""|""|""
"D"|""|""|""|""|""|""|""|""|""|""|""|""|""|""|""|""|""|""|""|""|""|""|""|""|""|""|""|""|""|""|""|""|""|""|""|""|""|""|""|""|""|""|""|""|""|""|""|""|""|""|""|""|""|""|""|""|""|""|""|""|""|""|""|""|""|""|""|""|""|""|""|""|""|""|""|""|""|""|""|""|""|""|""|""|""|""|""|""|""|""|""|""|""|""|""|""|""|""|""|""|""|""|""|""|""|""|""|""|""|""|""|""|""|""|""|""|""|""|""|""|""|""|""|""|""|""|""
"D"|""|""|""|""|""|""|""|""|""|""|""|""|""|""|""|""|""|""|""|""|""|""|""|""|""|""|""|""|""|""|""|""|""|""|""|""|""|""|""|""|""|""|""|""|""|""|""|""|""|""|""|""|""|""|""|""|""|""|""|""|""|""|""|""|""|""|""|""|""|""|""|""|""|""|""|""|""|""|""|""|""|""|""|""|""|""|""|""|""|""|""|""|""|""|""|""|""|""|""|""|""|""|""|""|""|""|""|""|""|""|""|""|""|""|""|""|""|""|""|""|""|""|""|""|""|""|""
"D"|""|""|""|""|""|""|""|""|""|""|""|""|""|""|""|""|""|""|""|""|""|""|""|""|""|""|""|""|""|""|""|""|""|""|""|""|""|""|""|""|""|""|""|""|""|""|""|""|""|""|""|""|""|""|""|""|""|""|""|""|""|""|""|""|""|""|""|""|""|""|""|""|""|""|""|""|""|""|""|""|""|""|""|""|""|""|""|""|""|""|""|""|""|""|""|""|""|""|""|""|""|""|""|""|""|""|""|""|""|""|""|""|""|""|""|""|""|""|""|""|""|""|""|""|""|""|""
"D"|""|""|""|""|""|""|""|""|""|""|""|""|""|""|""|""|""|""|""|""|""|""|""|""|""|""|""|""|""|""|""|""|""|""|""|""|""|""|""|""|""|""|""|""|""|""|""|""|""|""|""|""|""|""|""|""|""|""|""|""|""|""|""|""|""|""|""|""|""|""|""|""|""|""|""|""|""|""|""|""|""|""|""|""|""|""|""|""|""|""|""|""|""|""|""|""|""|""|""|""|""|""|""|""|""|""|""|""|""|""|""|""|""|""|""|""|""|""|""|""|""|""|""|""|""|""|""
"D"|""|""|""|""|""|""|""|""|""|""|""|""|""|""|""|""|""|""|""|""|""|""|""|""|""|""|""|""|""|""|""|""|""|""|""|""|""|""|""|""|""|""|""|""|""|""|""|""|""|""|""|""|""|""|""|""|""|""|""|""|""|""|""|""|""|""|""|""|""|""|""|""|""|""|""|""|""|""|""|""|""|""|""|""|""|""|""|""|""|""|""|""|""|""|""|""|""|""|""|""|""|""|""|""|""|""|""|""|""|""|""|""|""|""|""|""|""|""|""|""|""|""|""|""|""|""|""
"D"|""|""|""|""|""|""|""|""|""|""|""|""|""|""|""|""|""|""|""|""|""|""|""|""|""|""|""|""|""|""|""|""|""|""|""|""|""|""|""|""|""|""|""|""|""|""|""|""|""|""|""|""|""|""|""|""|""|""|""|""|""|""|""|""|""|""|""|""|""|""|""|""|""|""|""|""|""|""|""|""|""|""|""|""|""|""|""|""|""|""|""|""|""|""|""|""|""|""|""|""|""|""|""|""|""|""|""|""|""|""|""|""|""|""|""|""|""|""|""|""|""|""|""|""|""|""|""
"D"|""|""|""|""|""|""|""|""|""|""|""|""|""|""|""|""|""|""|""|""|""|""|""|""|""|""|""|""|""|""|""|""|""|""|""|""|""|""|""|""|""|""|""|""|""|""|""|""|""|""|""|""|""|""|""|""|""|""|""|""|""|""|""|""|""|""|""|""|""|""|""|""|""|""|""|""|""|""|""|""|""|""|""|""|""|""|""|""|""|""|""|""|""|""|""|""|""|""|""|""|""|""|""|""|""|""|""|""|""|""|""|""|""|""|""|""|""|""|""|""|""|""|""|""|""|""|""
"D"|""|""|""|""|""|""|""|""|""|""|""|""|""|""|""|""|""|""|""|""|""|""|""|""|""|""|""|""|""|""|""|""|""|""|""|""|""|""|""|""|""|""|""|""|""|""|""|""|""|""|""|""|""|""|""|""|""|""|""|""|""|""|""|""|""|""|""|""|""|""|""|""|""|""|""|""|""|""|""|""|""|""|""|""|""|""|""|""|""|""|""|""|""|""|""|""|""|""|""|""|""|""|""|""|""|""|""|""|""|""|""|""|""|""|""|""|""|""|""|""|""|""|""|""|""|""|""
"D"|""|""|""|""|""|""|""|""|""|""|""|""|""|""|""|""|""|""|""|""|""|""|""|""|""|""|""|""|""|""|""|""|""|""|""|""|""|""|""|""|""|""|""|""|""|""|""|""|""|""|""|""|""|""|""|""|""|""|""|""|""|""|""|""|""|""|""|""|""|""|""|""|""|""|""|""|""|""|""|""|""|""|""|""|""|""|""|""|""|""|""|""|""|""|""|""|""|""|""|""|""|""|""|""|""|""|""|""|""|""|""|""|""|""|""|""|""|""|""|""|""|""|""|""|""|""|""
"D"|""|""|""|""|""|""|""|""|""|""|""|""|""|""|""|""|""|""|""|""|""|""|""|""|""|""|""|""|""|""|""|""|""|""|""|""|""|""|""|""|""|""|""|""|""|""|""|""|""|""|""|""|""|""|""|""|""|""|""|""|""|""|""|""|""|""|""|""|""|""|""|""|""|""|""|""|""|""|""|""|""|""|""|""|""|""|""|""|""|""|""|""|""|""|""|""|""|""|""|""|""|""|""|""|""|""|""|""|""|""|""|""|""|""|""|""|""|""|""|""|""|""|""|""|""|""|""
"D"|""|""|""|""|""|""|""|""|""|""|""|""|""|""|""|""|""|""|""|""|""|""|""|""|""|""|""|""|""|""|""|""|""|""|""|""|""|""|""|""|""|""|""|""|""|""|""|""|""|""|""|""|""|""|""|""|""|""|""|""|""|""|""|""|""|""|""|""|""|""|""|""|""|""|""|""|""|""|""|""|""|""|""|""|""|""|""|""|""|""|""|""|""|""|""|""|""|""|""|""|""|""|""|""|""|""|""|""|""|""|""|""|""|""|""|""|""|""|""|""|""|""|""|""|""|""|""
"D"|""|""|""|""|""|""|""|""|""|""|""|""|""|""|""|""|""|""|""|""|""|""|""|""|""|""|""|""|""|""|""|""|""|""|""|""|""|""|""|""|""|""|""|""|""|""|""|""|""|""|""|""|""|""|""|""|""|""|""|""|""|""|""|""|""|""|""|""|""|""|""|""|""|""|""|""|""|""|""|""|""|""|""|""|""|""|""|""|""|""|""|""|""|""|""|""|""|""|""|""|""|""|""|""|""|""|""|""|""|""|""|""|""|""|""|""|""|""|""|""|""|""|""|""|""|""|""
"D"|""|""|""|""|""|""|""|""|""|""|""|""|""|""|""|""|""|""|""|""|""|""|""|""|""|""|""|""|""|""|""|""|""|""|""|""|""|""|""|""|""|""|""|""|""|""|""|""|""|""|""|""|""|""|""|""|""|""|""|""|""|""|""|""|""|""|""|""|""|""|""|""|""|""|""|""|""|""|""|""|""|""|""|""|""|""|""|""|""|""|""|""|""|""|""|""|""|""|""|""|""|""|""|""|""|""|""|""|""|""|""|""|""|""|""|""|""|""|""|""|""|""|""|""|""|""|""
"D"|""|""|""|""|""|""|""|""|""|""|""|""|""|""|""|""|""|""|""|""|""|""|""|""|""|""|""|""|""|""|""|""|""|""|""|""|""|""|""|""|""|""|""|""|""|""|""|""|""|""|""|""|""|""|""|""|""|""|""|""|""|""|""|""|""|""|""|""|""|""|""|""|""|""|""|""|""|""|""|""|""|""|""|""|""|""|""|""|""|""|""|""|""|""|""|""|""|""|""|""|""|""|""|""|""|""|""|""|""|""|""|""|""|""|""|""|""|""|""|""|""|""|""|""|""|""|""
"D"|""|""|""|""|""|""|""|""|""|""|""|""|""|""|""|""|""|""|""|""|""|""|""|""|""|""|""|""|""|""|""|""|""|""|""|""|""|""|""|""|""|""|""|""|""|""|""|""|""|""|""|""|""|""|""|""|""|""|""|""|""|""|""|""|""|""|""|""|""|""|""|""|""|""|""|""|""|""|""|""|""|""|""|""|""|""|""|""|""|""|""|""|""|""|""|""|""|""|""|""|""|""|""|""|""|""|""|""|""|""|""|""|""|""|""|""|""|""|""|""|""|""|""|""|""|""|""
"D"|""|""|""|""|""|""|""|""|""|""|""|""|""|""|""|""|""|""|""|""|""|""|""|""|""|""|""|""|""|""|""|""|""|""|""|""|""|""|""|""|""|""|""|""|""|""|""|""|""|""|""|""|""|""|""|""|""|""|""|""|""|""|""|""|""|""|""|""|""|""|""|""|""|""|""|""|""|""|""|""|""|""|""|""|""|""|""|""|""|""|""|""|""|""|""|""|""|""|""|""|""|""|""|""|""|""|""|""|""|""|""|""|""|""|""|""|""|""|""|""|""|""|""|""|""|""|""
"D"|""|""|""|""|""|""|""|""|""|""|""|""|""|""|""|""|""|""|""|""|""|""|""|""|""|""|""|""|""|""|""|""|""|""|""|""|""|""|""|""|""|""|""|""|""|""|""|""|""|""|""|""|""|""|""|""|""|""|""|""|""|""|""|""|""|""|""|""|""|""|""|""|""|""|""|""|""|""|""|""|""|""|""|""|""|""|""|""|""|""|""|""|""|""|""|""|""|""|""|""|""|""|""|""|""|""|""|""|""|""|""|""|""|""|""|""|""|""|""|""|""|""|""|""|""|""|""
"D"|""|""|""|""|""|""|""|""|""|""|""|""|""|""|""|""|""|""|""|""|""|""|""|""|""|""|""|""|""|""|""|""|""|""|""|""|""|""|""|""|""|""|""|""|""|""|""|""|""|""|""|""|""|""|""|""|""|""|""|""|""|""|""|""|""|""|""|""|""|""|""|""|""|""|""|""|""|""|""|""|""|""|""|""|""|""|""|""|""|""|""|""|""|""|""|""|""|""|""|""|""|""|""|""|""|""|""|""|""|""|""|""|""|""|""|""|""|""|""|""|""|""|""|""|""|""|""
"D"|""|""|""|""|""|""|""|""|""|""|""|""|""|""|""|""|""|""|""|""|""|""|""|""|""|""|""|""|""|""|""|""|""|""|""|""|""|""|""|""|""|""|""|""|""|""|""|""|""|""|""|""|""|""|""|""|""|""|""|""|""|""|""|""|""|""|""|""|""|""|""|""|""|""|""|""|""|""|""|""|""|""|""|""|""|""|""|""|""|""|""|""|""|""|""|""|""|""|""|""|""|""|""|""|""|""|""|""|""|""|""|""|""|""|""|""|""|""|""|""|""|""|""|""|""|""|""
"D"|""|""|""|""|""|""|""|""|""|""|""|""|""|""|""|""|""|""|""|""|""|""|""|""|""|""|""|""|""|""|""|""|""|""|""|""|""|""|""|""|""|""|""|""|""|""|""|""|""|""|""|""|""|""|""|""|""|""|""|""|""|""|""|""|""|""|""|""|""|""|""|""|""|""|""|""|""|""|""|""|""|""|""|""|""|""|""|""|""|""|""|""|""|""|""|""|""|""|""|""|""|""|""|""|""|""|""|""|""|""|""|""|""|""|""|""|""|""|""|""|""|""|""|""|""|""|""
"D"|""|""|""|""|""|""|""|""|""|""|""|""|""|""|""|""|""|""|""|""|""|""|""|""|""|""|""|""|""|""|""|""|""|""|""|""|""|""|""|""|""|""|""|""|""|""|""|""|""|""|""|""|""|""|""|""|""|""|""|""|""|""|""|""|""|""|""|""|""|""|""|""|""|""|""|""|""|""|""|""|""|""|""|""|""|""|""|""|""|""|""|""|""|""|""|""|""|""|""|""|""|""|""|""|""|""|""|""|""|""|""|""|""|""|""|""|""|""|""|""|""|""|""|""|""|""|""
"D"|""|""|""|""|""|""|""|""|""|""|""|""|""|""|""|""|""|""|""|""|""|""|""|""|""|""|""|""|""|""|""|""|""|""|""|""|""|""|""|""|""|""|""|""|""|""|""|""|""|""|""|""|""|""|""|""|""|""|""|""|""|""|""|""|""|""|""|""|""|""|""|""|""|""|""|""|""|""|""|""|""|""|""|""|""|""|""|""|""|""|""|""|""|""|""|""|""|""|""|""|""|""|""|""|""|""|""|""|""|""|""|""|""|""|""|""|""|""|""|""|""|""|""|""|""|""|""
"D"|""|""|""|""|""|""|""|""|""|""|""|""|""|""|""|""|""|""|""|""|""|""|""|""|""|""|""|""|""|""|""|""|""|""|""|""|""|""|""|""|""|""|""|""|""|""|""|""|""|""|""|""|""|""|""|""|""|""|""|""|""|""|""|""|""|""|""|""|""|""|""|""|""|""|""|""|""|""|""|""|""|""|""|""|""|""|""|""|""|""|""|""|""|""|""|""|""|""|""|""|""|""|""|""|""|""|""|""|""|""|""|""|""|""|""|""|""|""|""|""|""|""|""|""|""|""|""
"D"|""|""|""|""|""|""|""|""|""|""|""|""|""|""|""|""|""|""|""|""|""|""|""|""|""|""|""|""|""|""|""|""|""|""|""|""|""|""|""|""|""|""|""|""|""|""|""|""|""|""|""|""|""|""|""|""|""|""|""|""|""|""|""|""|""|""|""|""|""|""|""|""|""|""|""|""|""|""|""|""|""|""|""|""|""|""|""|""|""|""|""|""|""|""|""|""|""|""|""|""|""|""|""|""|""|""|""|""|""|""|""|""|""|""|""|""|""|""|""|""|""|""|""|""|""|""|""
"D"|""|""|""|""|""|""|""|""|""|""|""|""|""|""|""|""|""|""|""|""|""|""|""|""|""|""|""|""|""|""|""|""|""|""|""|""|""|""|""|""|""|""|""|""|""|""|""|""|""|""|""|""|""|""|""|""|""|""|""|""|""|""|""|""|""|""|""|""|""|""|""|""|""|""|""|""|""|""|""|""|""|""|""|""|""|""|""|""|""|""|""|""|""|""|""|""|""|""|""|""|""|""|""|""|""|""|""|""|""|""|""|""|""|""|""|""|""|""|""|""|""|""|""|""|""|""|""
"D"|""|""|""|""|""|""|""|""|""|""|""|""|""|""|""|""|""|""|""|""|""|""|""|""|""|""|""|""|""|""|""|""|""|""|""|""|""|""|""|""|""|""|""|""|""|""|""|""|""|""|""|""|""|""|""|""|""|""|""|""|""|""|""|""|""|""|""|""|""|""|""|""|""|""|""|""|""|""|""|""|""|""|""|""|""|""|""|""|""|""|""|""|""|""|""|""|""|""|""|""|""|""|""|""|""|""|""|""|""|""|""|""|""|""|""|""|""|""|""|""|""|""|""|""|""|""|""
"D"|""|""|""|""|""|""|""|""|""|""|""|""|""|""|""|""|""|""|""|""|""|""|""|""|""|""|""|""|""|""|""|""|""|""|""|""|""|""|""|""|""|""|""|""|""|""|""|""|""|""|""|""|""|""|""|""|""|""|""|""|""|""|""|""|""|""|""|""|""|""|""|""|""|""|""|""|""|""|""|""|""|""|""|""|""|""|""|""|""|""|""|""|""|""|""|""|""|""|""|""|""|""|""|""|""|""|""|""|""|""|""|""|""|""|""|""|""|""|""|""|""|""|""|""|""|""|""
"D"|""|""|""|""|""|""|""|""|""|""|""|""|""|""|""|""|""|""|""|""|""|""|""|""|""|""|""|""|""|""|""|""|""|""|""|""|""|""|""|""|""|""|""|""|""|""|""|""|""|""|""|""|""|""|""|""|""|""|""|""|""|""|""|""|""|""|""|""|""|""|""|""|""|""|""|""|""|""|""|""|""|""|""|""|""|""|""|""|""|""|""|""|""|""|""|""|""|""|""|""|""|""|""|""|""|""|""|""|""|""|""|""|""|""|""|""|""|""|""|""|""|""|""|""|""|""|""
"D"|""|""|""|""|""|""|""|""|""|""|""|""|""|""|""|""|""|""|""|""|""|""|""|""|""|""|""|""|""|""|""|""|""|""|""|""|""|""|""|""|""|""|""|""|""|""|""|""|""|""|""|""|""|""|""|""|""|""|""|""|""|""|""|""|""|""|""|""|""|""|""|""|""|""|""|""|""|""|""|""|""|""|""|""|""|""|""|""|""|""|""|""|""|""|""|""|""|""|""|""|""|""|""|""|""|""|""|""|""|""|""|""|""|""|""|""|""|""|""|""|""|""|""|""|""|""|""
"D"|""|""|""|""|""|""|""|""|""|""|""|""|""|""|""|""|""|""|""|""|""|""|""|""|""|""|""|""|""|""|""|""|""|""|""|""|""|""|""|""|""|""|""|""|""|""|""|""|""|""|""|""|""|""|""|""|""|""|""|""|""|""|""|""|""|""|""|""|""|""|""|""|""|""|""|""|""|""|""|""|""|""|""|""|""|""|""|""|""|""|""|""|""|""|""|""|""|""|""|""|""|""|""|""|""|""|""|""|""|""|""|""|""|""|""|""|""|""|""|""|""|""|""|""|""|""|""
"D"|""|""|""|""|""|""|""|""|""|""|""|""|""|""|""|""|""|""|""|""|""|""|""|""|""|""|""|""|""|""|""|""|""|""|""|""|""|""|""|""|""|""|""|""|""|""|""|""|""|""|""|""|""|""|""|""|""|""|""|""|""|""|""|""|""|""|""|""|""|""|""|""|""|""|""|""|""|""|""|""|""|""|""|""|""|""|""|""|""|""|""|""|""|""|""|""|""|""|""|""|""|""|""|""|""|""|""|""|""|""|""|""|""|""|""|""|""|""|""|""|""|""|""|""|""|""|""
"D"|""|""|""|""|""|""|""|""|""|""|""|""|""|""|""|""|""|""|""|""|""|""|""|""|""|""|""|""|""|""|""|""|""|""|""|""|""|""|""|""|""|""|""|""|""|""|""|""|""|""|""|""|""|""|""|""|""|""|""|""|""|""|""|""|""|""|""|""|""|""|""|""|""|""|""|""|""|""|""|""|""|""|""|""|""|""|""|""|""|""|""|""|""|""|""|""|""|""|""|""|""|""|""|""|""|""|""|""|""|""|""|""|""|""|""|""|""|""|""|""|""|""|""|""|""|""|""
"D"|""|""|""|""|""|""|""|""|""|""|""|""|""|""|""|""|""|""|""|""|""|""|""|""|""|""|""|""|""|""|""|""|""|""|""|""|""|""|""|""|""|""|""|""|""|""|""|""|""|""|""|""|""|""|""|""|""|""|""|""|""|""|""|""|""|""|""|""|""|""|""|""|""|""|""|""|""|""|""|""|""|""|""|""|""|""|""|""|""|""|""|""|""|""|""|""|""|""|""|""|""|""|""|""|""|""|""|""|""|""|""|""|""|""|""|""|""|""|""|""|""|""|""|""|""|""|""
"D"|""|""|""|""|""|""|""|""|""|""|""|""|""|""|""|""|""|""|""|""|""|""|""|""|""|""|""|""|""|""|""|""|""|""|""|""|""|""|""|""|""|""|""|""|""|""|""|""|""|""|""|""|""|""|""|""|""|""|""|""|""|""|""|""|""|""|""|""|""|""|""|""|""|""|""|""|""|""|""|""|""|""|""|""|""|""|""|""|""|""|""|""|""|""|""|""|""|""|""|""|""|""|""|""|""|""|""|""|""|""|""|""|""|""|""|""|""|""|""|""|""|""|""|""|""|""|""
"D"|""|""|""|""|""|""|""|""|""|""|""|""|""|""|""|""|""|""|""|""|""|""|""|""|""|""|""|""|""|""|""|""|""|""|""|""|""|""|""|""|""|""|""|""|""|""|""|""|""|""|""|""|""|""|""|""|""|""|""|""|""|""|""|""|""|""|""|""|""|""|""|""|""|""|""|""|""|""|""|""|""|""|""|""|""|""|""|""|""|""|""|""|""|""|""|""|""|""|""|""|""|""|""|""|""|""|""|""|""|""|""|""|""|""|""|""|""|""|""|""|""|""|""|""|""|""|""
"D"|""|""|""|""|""|""|""|""|""|""|""|""|""|""|""|""|""|""|""|""|""|""|""|""|""|""|""|""|""|""|""|""|""|""|""|""|""|""|""|""|""|""|""|""|""|""|""|""|""|""|""|""|""|""|""|""|""|""|""|""|""|""|""|""|""|""|""|""|""|""|""|""|""|""|""|""|""|""|""|""|""|""|""|""|""|""|""|""|""|""|""|""|""|""|""|""|""|""|""|""|""|""|""|""|""|""|""|""|""|""|""|""|""|""|""|""|""|""|""|""|""|""|""|""|""|""|""
"D"|""|""|""|""|""|""|""|""|""|""|""|""|""|""|""|""|""|""|""|""|""|""|""|""|""|""|""|""|""|""|""|""|""|""|""|""|""|""|""|""|""|""|""|""|""|""|""|""|""|""|""|""|""|""|""|""|""|""|""|""|""|""|""|""|""|""|""|""|""|""|""|""|""|""|""|""|""|""|""|""|""|""|""|""|""|""|""|""|""|""|""|""|""|""|""|""|""|""|""|""|""|""|""|""|""|""|""|""|""|""|""|""|""|""|""|""|""|""|""|""|""|""|""|""|""|""|""
"D"|""|""|""|""|""|""|""|""|""|""|""|""|""|""|""|""|""|""|""|""|""|""|""|""|""|""|""|""|""|""|""|""|""|""|""|""|""|""|""|""|""|""|""|""|""|""|""|""|""|""|""|""|""|""|""|""|""|""|""|""|""|""|""|""|""|""|""|""|""|""|""|""|""|""|""|""|""|""|""|""|""|""|""|""|""|""|""|""|""|""|""|""|""|""|""|""|""|""|""|""|""|""|""|""|""|""|""|""|""|""|""|""|""|""|""|""|""|""|""|""|""|""|""|""|""|""|""
"D"|""|""|""|""|""|""|""|""|""|""|""|""|""|""|""|""|""|""|""|""|""|""|""|""|""|""|""|""|""|""|""|""|""|""|""|""|""|""|""|""|""|""|""|""|""|""|""|""|""|""|""|""|""|""|""|""|""|""|""|""|""|""|""|""|""|""|""|""|""|""|""|""|""|""|""|""|""|""|""|""|""|""|""|""|""|""|""|""|""|""|""|""|""|""|""|""|""|""|""|""|""|""|""|""|""|""|""|""|""|""|""|""|""|""|""|""|""|""|""|""|""|""|""|""|""|""|""
"D"|""|""|""|""|""|""|""|""|""|""|""|""|""|""|""|""|""|""|""|""|""|""|""|""|""|""|""|""|""|""|""|""|""|""|""|""|""|""|""|""|""|""|""|""|""|""|""|""|""|""|""|""|""|""|""|""|""|""|""|""|""|""|""|""|""|""|""|""|""|""|""|""|""|""|""|""|""|""|""|""|""|""|""|""|""|""|""|""|""|""|""|""|""|""|""|""|""|""|""|""|""|""|""|""|""|""|""|""|""|""|""|""|""|""|""|""|""|""|""|""|""|""|""|""|""|""|""
"D"|""|""|""|""|""|""|""|""|""|""|""|""|""|""|""|""|""|""|""|""|""|""|""|""|""|""|""|""|""|""|""|""|""|""|""|""|""|""|""|""|""|""|""|""|""|""|""|""|""|""|""|""|""|""|""|""|""|""|""|""|""|""|""|""|""|""|""|""|""|""|""|""|""|""|""|""|""|""|""|""|""|""|""|""|""|""|""|""|""|""|""|""|""|""|""|""|""|""|""|""|""|""|""|""|""|""|""|""|""|""|""|""|""|""|""|""|""|""|""|""|""|""|""|""|""|""|""
"D"|""|""|""|""|""|""|""|""|""|""|""|""|""|""|""|""|""|""|""|""|""|""|""|""|""|""|""|""|""|""|""|""|""|""|""|""|""|""|""|""|""|""|""|""|""|""|""|""|""|""|""|""|""|""|""|""|""|""|""|""|""|""|""|""|""|""|""|""|""|""|""|""|""|""|""|""|""|""|""|""|""|""|""|""|""|""|""|""|""|""|""|""|""|""|""|""|""|""|""|""|""|""|""|""|""|""|""|""|""|""|""|""|""|""|""|""|""|""|""|""|""|""|""|""|""|""|""
"D"|""|""|""|""|""|""|""|""|""|""|""|""|""|""|""|""|""|""|""|""|""|""|""|""|""|""|""|""|""|""|""|""|""|""|""|""|""|""|""|""|""|""|""|""|""|""|""|""|""|""|""|""|""|""|""|""|""|""|""|""|""|""|""|""|""|""|""|""|""|""|""|""|""|""|""|""|""|""|""|""|""|""|""|""|""|""|""|""|""|""|""|""|""|""|""|""|""|""|""|""|""|""|""|""|""|""|""|""|""|""|""|""|""|""|""|""|""|""|""|""|""|""|""|""|""|""|""
"D"|""|""|""|""|""|""|""|""|""|""|""|""|""|""|""|""|""|""|""|""|""|""|""|""|""|""|""|""|""|""|""|""|""|""|""|""|""|""|""|""|""|""|""|""|""|""|""|""|""|""|""|""|""|""|""|""|""|""|""|""|""|""|""|""|""|""|""|""|""|""|""|""|""|""|""|""|""|""|""|""|""|""|""|""|""|""|""|""|""|""|""|""|""|""|""|""|""|""|""|""|""|""|""|""|""|""|""|""|""|""|""|""|""|""|""|""|""|""|""|""|""|""|""|""|""|""|""
"D"|""|""|""|""|""|""|""|""|""|""|""|""|""|""|""|""|""|""|""|""|""|""|""|""|""|""|""|""|""|""|""|""|""|""|""|""|""|""|""|""|""|""|""|""|""|""|""|""|""|""|""|""|""|""|""|""|""|""|""|""|""|""|""|""|""|""|""|""|""|""|""|""|""|""|""|""|""|""|""|""|""|""|""|""|""|""|""|""|""|""|""|""|""|""|""|""|""|""|""|""|""|""|""|""|""|""|""|""|""|""|""|""|""|""|""|""|""|""|""|""|""|""|""|""|""|""|""
"D"|""|""|""|""|""|""|""|""|""|""|""|""|""|""|""|""|""|""|""|""|""|""|""|""|""|""|""|""|""|""|""|""|""|""|""|""|""|""|""|""|""|""|""|""|""|""|""|""|""|""|""|""|""|""|""|""|""|""|""|""|""|""|""|""|""|""|""|""|""|""|""|""|""|""|""|""|""|""|""|""|""|""|""|""|""|""|""|""|""|""|""|""|""|""|""|""|""|""|""|""|""|""|""|""|""|""|""|""|""|""|""|""|""|""|""|""|""|""|""|""|""|""|""|""|""|""|""
"D"|""|""|""|""|""|""|""|""|""|""|""|""|""|""|""|""|""|""|""|""|""|""|""|""|""|""|""|""|""|""|""|""|""|""|""|""|""|""|""|""|""|""|""|""|""|""|""|""|""|""|""|""|""|""|""|""|""|""|""|""|""|""|""|""|""|""|""|""|""|""|""|""|""|""|""|""|""|""|""|""|""|""|""|""|""|""|""|""|""|""|""|""|""|""|""|""|""|""|""|""|""|""|""|""|""|""|""|""|""|""|""|""|""|""|""|""|""|""|""|""|""|""|""|""|""|""|""
"D"|""|""|""|""|""|""|""|""|""|""|""|""|""|""|""|""|""|""|""|""|""|""|""|""|""|""|""|""|""|""|""|""|""|""|""|""|""|""|""|""|""|""|""|""|""|""|""|""|""|""|""|""|""|""|""|""|""|""|""|""|""|""|""|""|""|""|""|""|""|""|""|""|""|""|""|""|""|""|""|""|""|""|""|""|""|""|""|""|""|""|""|""|""|""|""|""|""|""|""|""|""|""|""|""|""|""|""|""|""|""|""|""|""|""|""|""|""|""|""|""|""|""|""|""|""|""|""
"D"|""|""|""|""|""|""|""|""|""|""|""|""|""|""|""|""|""|""|""|""|""|""|""|""|""|""|""|""|""|""|""|""|""|""|""|""|""|""|""|""|""|""|""|""|""|""|""|""|""|""|""|""|""|""|""|""|""|""|""|""|""|""|""|""|""|""|""|""|""|""|""|""|""|""|""|""|""|""|""|""|""|""|""|""|""|""|""|""|""|""|""|""|""|""|""|""|""|""|""|""|""|""|""|""|""|""|""|""|""|""|""|""|""|""|""|""|""|""|""|""|""|""|""|""|""|""|""
"D"|""|""|""|""|""|""|""|""|""|""|""|""|""|""|""|""|""|""|""|""|""|""|""|""|""|""|""|""|""|""|""|""|""|""|""|""|""|""|""|""|""|""|""|""|""|""|""|""|""|""|""|""|""|""|""|""|""|""|""|""|""|""|""|""|""|""|""|""|""|""|""|""|""|""|""|""|""|""|""|""|""|""|""|""|""|""|""|""|""|""|""|""|""|""|""|""|""|""|""|""|""|""|""|""|""|""|""|""|""|""|""|""|""|""|""|""|""|""|""|""|""|""|""|""|""|""|""
"D"|""|""|""|""|""|""|""|""|""|""|""|""|""|""|""|""|""|""|""|""|""|""|""|""|""|""|""|""|""|""|""|""|""|""|""|""|""|""|""|""|""|""|""|""|""|""|""|""|""|""|""|""|""|""|""|""|""|""|""|""|""|""|""|""|""|""|""|""|""|""|""|""|""|""|""|""|""|""|""|""|""|""|""|""|""|""|""|""|""|""|""|""|""|""|""|""|""|""|""|""|""|""|""|""|""|""|""|""|""|""|""|""|""|""|""|""|""|""|""|""|""|""|""|""|""|""|""
"D"|""|""|""|""|""|""|""|""|""|""|""|""|""|""|""|""|""|""|""|""|""|""|""|""|""|""|""|""|""|""|""|""|""|""|""|""|""|""|""|""|""|""|""|""|""|""|""|""|""|""|""|""|""|""|""|""|""|""|""|""|""|""|""|""|""|""|""|""|""|""|""|""|""|""|""|""|""|""|""|""|""|""|""|""|""|""|""|""|""|""|""|""|""|""|""|""|""|""|""|""|""|""|""|""|""|""|""|""|""|""|""|""|""|""|""|""|""|""|""|""|""|""|""|""|""|""|""
"D"|""|""|""|""|""|""|""|""|""|""|""|""|""|""|""|""|""|""|""|""|""|""|""|""|""|""|""|""|""|""|""|""|""|""|""|""|""|""|""|""|""|""|""|""|""|""|""|""|""|""|""|""|""|""|""|""|""|""|""|""|""|""|""|""|""|""|""|""|""|""|""|""|""|""|""|""|""|""|""|""|""|""|""|""|""|""|""|""|""|""|""|""|""|""|""|""|""|""|""|""|""|""|""|""|""|""|""|""|""|""|""|""|""|""|""|""|""|""|""|""|""|""|""|""|""|""|""
"D"|""|""|""|""|""|""|""|""|""|""|""|""|""|""|""|""|""|""|""|""|""|""|""|""|""|""|""|""|""|""|""|""|""|""|""|""|""|""|""|""|""|""|""|""|""|""|""|""|""|""|""|""|""|""|""|""|""|""|""|""|""|""|""|""|""|""|""|""|""|""|""|""|""|""|""|""|""|""|""|""|""|""|""|""|""|""|""|""|""|""|""|""|""|""|""|""|""|""|""|""|""|""|""|""|""|""|""|""|""|""|""|""|""|""|""|""|""|""|""|""|""|""|""|""|""|""|""
"D"|""|""|""|""|""|""|""|""|""|""|""|""|""|""|""|""|""|""|""|""|""|""|""|""|""|""|""|""|""|""|""|""|""|""|""|""|""|""|""|""|""|""|""|""|""|""|""|""|""|""|""|""|""|""|""|""|""|""|""|""|""|""|""|""|""|""|""|""|""|""|""|""|""|""|""|""|""|""|""|""|""|""|""|""|""|""|""|""|""|""|""|""|""|""|""|""|""|""|""|""|""|""|""|""|""|""|""|""|""|""|""|""|""|""|""|""|""|""|""|""|""|""|""|""|""|""|""
"D"|""|""|""|""|""|""|""|""|""|""|""|""|""|""|""|""|""|""|""|""|""|""|""|""|""|""|""|""|""|""|""|""|""|""|""|""|""|""|""|""|""|""|""|""|""|""|""|""|""|""|""|""|""|""|""|""|""|""|""|""|""|""|""|""|""|""|""|""|""|""|""|""|""|""|""|""|""|""|""|""|""|""|""|""|""|""|""|""|""|""|""|""|""|""|""|""|""|""|""|""|""|""|""|""|""|""|""|""|""|""|""|""|""|""|""|""|""|""|""|""|""|""|""|""|""|""|""
"D"|""|""|""|""|""|""|""|""|""|""|""|""|""|""|""|""|""|""|""|""|""|""|""|""|""|""|""|""|""|""|""|""|""|""|""|""|""|""|""|""|""|""|""|""|""|""|""|""|""|""|""|""|""|""|""|""|""|""|""|""|""|""|""|""|""|""|""|""|""|""|""|""|""|""|""|""|""|""|""|""|""|""|""|""|""|""|""|""|""|""|""|""|""|""|""|""|""|""|""|""|""|""|""|""|""|""|""|""|""|""|""|""|""|""|""|""|""|""|""|""|""|""|""|""|""|""|""
"D"|""|""|""|""|""|""|""|""|""|""|""|""|""|""|""|""|""|""|""|""|""|""|""|""|""|""|""|""|""|""|""|""|""|""|""|""|""|""|""|""|""|""|""|""|""|""|""|""|""|""|""|""|""|""|""|""|""|""|""|""|""|""|""|""|""|""|""|""|""|""|""|""|""|""|""|""|""|""|""|""|""|""|""|""|""|""|""|""|""|""|""|""|""|""|""|""|""|""|""|""|""|""|""|""|""|""|""|""|""|""|""|""|""|""|""|""|""|""|""|""|""|""|""|""|""|""|""
"D"|""|""|""|""|""|""|""|""|""|""|""|""|""|""|""|""|""|""|""|""|""|""|""|""|""|""|""|""|""|""|""|""|""|""|""|""|""|""|""|""|""|""|""|""|""|""|""|""|""|""|""|""|""|""|""|""|""|""|""|""|""|""|""|""|""|""|""|""|""|""|""|""|""|""|""|""|""|""|""|""|""|""|""|""|""|""|""|""|""|""|""|""|""|""|""|""|""|""|""|""|""|""|""|""|""|""|""|""|""|""|""|""|""|""|""|""|""|""|""|""|""|""|""|""|""|""|""
"D"|""|""|""|""|""|""|""|""|""|""|""|""|""|""|""|""|""|""|""|""|""|""|""|""|""|""|""|""|""|""|""|""|""|""|""|""|""|""|""|""|""|""|""|""|""|""|""|""|""|""|""|""|""|""|""|""|""|""|""|""|""|""|""|""|""|""|""|""|""|""|""|""|""|""|""|""|""|""|""|""|""|""|""|""|""|""|""|""|""|""|""|""|""|""|""|""|""|""|""|""|""|""|""|""|""|""|""|""|""|""|""|""|""|""|""|""|""|""|""|""|""|""|""|""|""|""|""
"D"|""|""|""|""|""|""|""|""|""|""|""|""|""|""|""|""|""|""|""|""|""|""|""|""|""|""|""|""|""|""|""|""|""|""|""|""|""|""|""|""|""|""|""|""|""|""|""|""|""|""|""|""|""|""|""|""|""|""|""|""|""|""|""|""|""|""|""|""|""|""|""|""|""|""|""|""|""|""|""|""|""|""|""|""|""|""|""|""|""|""|""|""|""|""|""|""|""|""|""|""|""|""|""|""|""|""|""|""|""|""|""|""|""|""|""|""|""|""|""|""|""|""|""|""|""|""|""
"D"|""|""|""|""|""|""|""|""|""|""|""|""|""|""|""|""|""|""|""|""|""|""|""|""|""|""|""|""|""|""|""|""|""|""|""|""|""|""|""|""|""|""|""|""|""|""|""|""|""|""|""|""|""|""|""|""|""|""|""|""|""|""|""|""|""|""|""|""|""|""|""|""|""|""|""|""|""|""|""|""|""|""|""|""|""|""|""|""|""|""|""|""|""|""|""|""|""|""|""|""|""|""|""|""|""|""|""|""|""|""|""|""|""|""|""|""|""|""|""|""|""|""|""|""|""|""|""
"D"|""|""|""|""|""|""|""|""|""|""|""|""|""|""|""|""|""|""|""|""|""|""|""|""|""|""|""|""|""|""|""|""|""|""|""|""|""|""|""|""|""|""|""|""|""|""|""|""|""|""|""|""|""|""|""|""|""|""|""|""|""|""|""|""|""|""|""|""|""|""|""|""|""|""|""|""|""|""|""|""|""|""|""|""|""|""|""|""|""|""|""|""|""|""|""|""|""|""|""|""|""|""|""|""|""|""|""|""|""|""|""|""|""|""|""|""|""|""|""|""|""|""|""|""|""|""|""
"D"|""|""|""|""|""|""|""|""|""|""|""|""|""|""|""|""|""|""|""|""|""|""|""|""|""|""|""|""|""|""|""|""|""|""|""|""|""|""|""|""|""|""|""|""|""|""|""|""|""|""|""|""|""|""|""|""|""|""|""|""|""|""|""|""|""|""|""|""|""|""|""|""|""|""|""|""|""|""|""|""|""|""|""|""|""|""|""|""|""|""|""|""|""|""|""|""|""|""|""|""|""|""|""|""|""|""|""|""|""|""|""|""|""|""|""|""|""|""|""|""|""|""|""|""|""|""|""
